comparison	arm	baseline	dataset	group	base	mean	delta_pct	z	verdict	native_delta	identical
#9975 PeptDeep features (defaults: instrument QE, NCE auto)	pd_on	re_auto	velos_125_R1	Velos CID	2979.67	3141	5.41	3.09	up	0	False
#9975 PeptDeep features (defaults: instrument QE, NCE auto)	pd_on	re_auto	velos_5000_R2	Velos CID	2995	3037	1.4	1.16	flat	0	False
#9975 PeptDeep features (defaults: instrument QE, NCE auto)	pd_on	re_auto	velos_25000_R3	Velos CID	2845.33	3024.67	6.3	7.28	up	0	False
#9975 PeptDeep features (defaults: instrument QE, NCE auto)	pd_on	re_auto	hfx_A2	HF-X HCD	4552.33	4742.33	4.17	12.84	up	0	False
#9975 PeptDeep features (defaults: instrument QE, NCE auto)	pd_on	re_auto	hfx_B1	HF-X HCD	4322.67	4618	6.83	11.03	up	0	False
#9975 PeptDeep features (defaults: instrument QE, NCE auto)	pd_on	re_auto	hfx_B3	HF-X HCD	4461.67	4697	5.27	27.21	up	0	False
#9975 PeptDeep features (defaults: instrument QE, NCE auto)	pd_on	re_auto	astral_A2	Astral HCD	2356	2851	21.01	9.42	up	0	False
#9975 PeptDeep features (defaults: instrument QE, NCE auto)	pd_on	re_auto	astral_B1	Astral HCD	2824	3277.33	16.05	18.27	up	0	False
#9975 PeptDeep features (defaults: instrument QE, NCE auto)	pd_on	re_auto	astral_B3	Astral HCD	2786	3020	8.4	3.74	up	0	False
#9975 PeptDeep features (defaults: instrument QE, NCE auto)	pd_on	re_auto	lumos_lfq_5192	Lumos HCD LFQ	5559.67	5592	0.58	3.67	up	0	False
#9975 PeptDeep features (defaults: instrument QE, NCE auto)	pd_on	re_auto	lumos_lfq_5194	Lumos HCD LFQ	5539.67	5642.67	1.86	24.35	up	0	False
#9975 PeptDeep features (defaults: instrument QE, NCE auto)	pd_on	re_auto	lumos_lfq_5199	Lumos HCD LFQ	5558.33	5618.67	1.09	10.21	up	0	False
#9975 PeptDeep features (defaults: instrument QE, NCE auto)	pd_on	re_auto	lumos_tmt_5058	Lumos CID TMT	2327	2335	0.34	0.17	flat	0	False
#9975 PeptDeep features (defaults: instrument QE, NCE auto)	pd_on	re_auto	lumos_tmt_5059	Lumos CID TMT	2404.67	2395.67	-0.37	-0.27	flat	0	False
#9975 PeptDeep features (defaults: instrument QE, NCE auto)	pd_on	re_auto	lumos_tmt_5066	Lumos CID TMT	2513	2503.33	-0.38	-1.05	flat	0	False
#9975 PeptDeep features (defaults: instrument QE, NCE auto)	pd_on	re_auto	eclipse_tmtpro_10855	Exploris 480 TMTpro	2676.33	2709	1.22	1.72	flat	0	False
#9975 PeptDeep features (defaults: instrument QE, NCE auto)	pd_on	re_auto	eclipse_tmtpro_10858	Exploris 480 TMTpro	2485	2508	0.93	5.75	up	0	False
#9975 PeptDeep features (defaults: instrument QE, NCE auto)	pd_on	re_auto	eclipse_tmtpro_10863	Exploris 480 TMTpro	2485.33	2481.67	-0.15	-0.12	flat	0	False
#9975 PeptDeep features (defaults: instrument QE, NCE auto)	pd_on	re_auto	tims_plasma_30min	timsTOF HT	1050.67	1058	0.7	0.36	flat	0	False
#9975 PeptDeep features (defaults: instrument QE, NCE auto)	pd_on	re_auto	tims_plasma_50min	timsTOF HT	1031.67	1029.33	-0.23	-0.11	flat	0	False
#9975 + calibration on each spectrum's best target hit	pd_cal	re_auto	velos_125_R1	Velos CID	2979.67	3196	7.26	5.39	up	0	False
#9975 + calibration on each spectrum's best target hit	pd_cal	re_auto	velos_5000_R2	Velos CID	2995	3149.67	5.16	4.75	up	0	False
#9975 + calibration on each spectrum's best target hit	pd_cal	re_auto	velos_25000_R3	Velos CID	2845.33	3039	6.81	5.99	up	0	False
#9975 + calibration on each spectrum's best target hit	pd_cal	re_auto	hfx_A2	HF-X HCD	4552.33	4877.67	7.15	22.69	up	0	False
#9975 + calibration on each spectrum's best target hit	pd_cal	re_auto	hfx_B1	HF-X HCD	4322.67	4734	9.52	17.27	up	0	False
#9975 + calibration on each spectrum's best target hit	pd_cal	re_auto	hfx_B3	HF-X HCD	4461.67	4873.67	9.23	43.3	up	0	False
#9975 + calibration on each spectrum's best target hit	pd_cal	re_auto	astral_A2	Astral HCD	2356	2898.67	23.03	8.8	up	0	False
#9975 + calibration on each spectrum's best target hit	pd_cal	re_auto	astral_B1	Astral HCD	2824	3440.67	21.84	29.31	up	0	False
#9975 + calibration on each spectrum's best target hit	pd_cal	re_auto	astral_B3	Astral HCD	2786	3196.67	14.74	4.83	up	0	False
#9975 + calibration on each spectrum's best target hit	pd_cal	re_auto	lumos_lfq_5192	Lumos HCD LFQ	5559.67	5610.33	0.91	7.89	up	0	False
#9975 + calibration on each spectrum's best target hit	pd_cal	re_auto	lumos_lfq_5194	Lumos HCD LFQ	5539.67	5653	2.05	21.9	up	0	False
#9975 + calibration on each spectrum's best target hit	pd_cal	re_auto	lumos_lfq_5199	Lumos HCD LFQ	5558.33	5623.67	1.18	27.72	up	0	False
#9975 + calibration on each spectrum's best target hit	pd_cal	re_auto	lumos_tmt_5058	Lumos CID TMT	2327	2310	-0.73	-0.39	flat	0	False
#9975 + calibration on each spectrum's best target hit	pd_cal	re_auto	lumos_tmt_5059	Lumos CID TMT	2404.67	2403	-0.07	-0.06	flat	0	False
#9975 + calibration on each spectrum's best target hit	pd_cal	re_auto	lumos_tmt_5066	Lumos CID TMT	2513	2518.67	0.23	0.52	flat	0	False
#9975 + calibration on each spectrum's best target hit	pd_cal	re_auto	eclipse_tmtpro_10855	Exploris 480 TMTpro	2676.33	2716.33	1.49	2.14	up	0	False
#9975 + calibration on each spectrum's best target hit	pd_cal	re_auto	eclipse_tmtpro_10858	Exploris 480 TMTpro	2485	2498.67	0.55	1.75	flat	0	False
#9975 + calibration on each spectrum's best target hit	pd_cal	re_auto	eclipse_tmtpro_10863	Exploris 480 TMTpro	2485.33	2507	0.87	1.13	flat	0	False
#9975 + calibration on each spectrum's best target hit	pd_cal	re_auto	tims_plasma_30min	timsTOF HT	1050.67	1078.33	2.63	1.58	flat	0	False
#9975 + calibration on each spectrum's best target hit	pd_cal	re_auto	tims_plasma_50min	timsTOF HT	1031.67	1037	0.52	0.17	flat	0	False
calibration on each spectrum's best target hit, against #9975 as rebased	pd_cal	pd_on	velos_125_R1	Velos CID	3141	3196	1.75	1.1	flat	0	False
calibration on each spectrum's best target hit, against #9975 as rebased	pd_cal	pd_on	velos_5000_R2	Velos CID	3037	3149.67	3.71	3.05	up	0	False
calibration on each spectrum's best target hit, against #9975 as rebased	pd_cal	pd_on	velos_25000_R3	Velos CID	3024.67	3039	0.47	0.58	flat	0	False
calibration on each spectrum's best target hit, against #9975 as rebased	pd_cal	pd_on	hfx_A2	HF-X HCD	4742.33	4877.67	2.85	27.5	up	0	False
calibration on each spectrum's best target hit, against #9975 as rebased	pd_cal	pd_on	hfx_B1	HF-X HCD	4618	4734	2.51	7.97	up	0	False
calibration on each spectrum's best target hit, against #9975 as rebased	pd_cal	pd_on	hfx_B3	HF-X HCD	4697	4873.67	3.76	30.4	up	0	False
calibration on each spectrum's best target hit, against #9975 as rebased	pd_cal	pd_on	astral_A2	Astral HCD	2851	2898.67	1.67	0.73	flat	0	False
calibration on each spectrum's best target hit, against #9975 as rebased	pd_cal	pd_on	astral_B1	Astral HCD	3277.33	3440.67	4.98	5.36	up	0	False
calibration on each spectrum's best target hit, against #9975 as rebased	pd_cal	pd_on	astral_B3	Astral HCD	3020	3196.67	5.85	2.01	up	0	False
calibration on each spectrum's best target hit, against #9975 as rebased	pd_cal	pd_on	lumos_lfq_5192	Lumos HCD LFQ	5592	5610.33	0.33	1.92	flat	0	False
calibration on each spectrum's best target hit, against #9975 as rebased	pd_cal	pd_on	lumos_lfq_5194	Lumos HCD LFQ	5642.67	5653	0.18	2.5	up	0	False
calibration on each spectrum's best target hit, against #9975 as rebased	pd_cal	pd_on	lumos_lfq_5199	Lumos HCD LFQ	5618.67	5623.67	0.09	0.88	flat	0	False
calibration on each spectrum's best target hit, against #9975 as rebased	pd_cal	pd_on	lumos_tmt_5058	Lumos CID TMT	2335	2310	-1.07	-0.5	flat	0	False
calibration on each spectrum's best target hit, against #9975 as rebased	pd_cal	pd_on	lumos_tmt_5059	Lumos CID TMT	2395.67	2403	0.31	0.18	flat	0	False
calibration on each spectrum's best target hit, against #9975 as rebased	pd_cal	pd_on	lumos_tmt_5066	Lumos CID TMT	2503.33	2518.67	0.61	1.41	flat	0	False
calibration on each spectrum's best target hit, against #9975 as rebased	pd_cal	pd_on	eclipse_tmtpro_10855	Exploris 480 TMTpro	2709	2716.33	0.27	0.69	flat	0	False
calibration on each spectrum's best target hit, against #9975 as rebased	pd_cal	pd_on	eclipse_tmtpro_10858	Exploris 480 TMTpro	2508	2498.67	-0.37	-1.28	flat	0	False
calibration on each spectrum's best target hit, against #9975 as rebased	pd_cal	pd_on	eclipse_tmtpro_10863	Exploris 480 TMTpro	2481.67	2507	1.02	0.92	flat	0	False
calibration on each spectrum's best target hit, against #9975 as rebased	pd_cal	pd_on	tims_plasma_30min	timsTOF HT	1058	1078.33	1.92	1.09	flat	0	False
calibration on each spectrum's best target hit, against #9975 as rebased	pd_cal	pd_on	tims_plasma_50min	timsTOF HT	1029.33	1037	0.74	0.29	flat	0	False
#9975 without rt_abs_error (Percolator rerun on the same PIN)	pd_on-nort	re_auto	velos_125_R1	Velos CID	2979.67	3169	6.35	2.57	up	0	False
#9975 without rt_abs_error (Percolator rerun on the same PIN)	pd_on-nort	re_auto	velos_5000_R2	Velos CID	2995	3055.67	2.03	2.42	up	0	False
#9975 without rt_abs_error (Percolator rerun on the same PIN)	pd_on-nort	re_auto	velos_25000_R3	Velos CID	2845.33	3029.33	6.47	7.69	up	0	False
#9975 without rt_abs_error (Percolator rerun on the same PIN)	pd_on-nort	re_auto	hfx_A2	HF-X HCD	4552.33	4738.67	4.09	10.84	up	0	False
#9975 without rt_abs_error (Percolator rerun on the same PIN)	pd_on-nort	re_auto	hfx_B1	HF-X HCD	4322.67	4626.33	7.02	11.95	up	0	False
#9975 without rt_abs_error (Percolator rerun on the same PIN)	pd_on-nort	re_auto	hfx_B3	HF-X HCD	4461.67	4697.67	5.29	19.91	up	0	False
#9975 without rt_abs_error (Percolator rerun on the same PIN)	pd_on-nort	re_auto	astral_A2	Astral HCD	2356	2810.33	19.28	12.37	up	0	False
#9975 without rt_abs_error (Percolator rerun on the same PIN)	pd_on-nort	re_auto	astral_B1	Astral HCD	2824	3251	15.12	16.87	up	0	False
#9975 without rt_abs_error (Percolator rerun on the same PIN)	pd_on-nort	re_auto	astral_B3	Astral HCD	2786	3041	9.15	3.64	up	0	False
#9975 without rt_abs_error (Percolator rerun on the same PIN)	pd_on-nort	re_auto	lumos_lfq_5192	Lumos HCD LFQ	5559.67	5593.67	0.61	3.9	up	0	False
#9975 without rt_abs_error (Percolator rerun on the same PIN)	pd_on-nort	re_auto	lumos_lfq_5194	Lumos HCD LFQ	5539.67	5642.33	1.85	22.29	up	0	False
#9975 without rt_abs_error (Percolator rerun on the same PIN)	pd_on-nort	re_auto	lumos_lfq_5199	Lumos HCD LFQ	5558.33	5623.33	1.17	21.8	up	0	False
#9975 without rt_abs_error (Percolator rerun on the same PIN)	pd_on-nort	re_auto	lumos_tmt_5058	Lumos CID TMT	2327	2328.33	0.06	0.03	flat	0	False
#9975 without rt_abs_error (Percolator rerun on the same PIN)	pd_on-nort	re_auto	lumos_tmt_5059	Lumos CID TMT	2404.67	2407.67	0.12	0.1	flat	0	False
#9975 without rt_abs_error (Percolator rerun on the same PIN)	pd_on-nort	re_auto	lumos_tmt_5066	Lumos CID TMT	2513	2502	-0.44	-0.69	flat	0	False
#9975 without rt_abs_error (Percolator rerun on the same PIN)	pd_on-nort	re_auto	eclipse_tmtpro_10855	Exploris 480 TMTpro	2676.33	2703.33	1.01	1.48	flat	0	False
#9975 without rt_abs_error (Percolator rerun on the same PIN)	pd_on-nort	re_auto	eclipse_tmtpro_10858	Exploris 480 TMTpro	2485	2504.67	0.79	5.65	up	0	False
#9975 without rt_abs_error (Percolator rerun on the same PIN)	pd_on-nort	re_auto	eclipse_tmtpro_10863	Exploris 480 TMTpro	2485.33	2489	0.15	0.17	flat	0	False
#9975 without rt_abs_error (Percolator rerun on the same PIN)	pd_on-nort	re_auto	tims_plasma_30min	timsTOF HT	1050.67	1073.67	2.19	1.33	flat	0	False
#9975 without rt_abs_error (Percolator rerun on the same PIN)	pd_on-nort	re_auto	tims_plasma_50min	timsTOF HT	1031.67	1043.67	1.16	0.51	flat	0	False
#9975 without the four MS2 features (Percolator rerun on the same PIN)	pd_on-noms2	re_auto	velos_125_R1	Velos CID	2979.67	2972.33	-0.25	-0.22	flat	0	False
#9975 without the four MS2 features (Percolator rerun on the same PIN)	pd_on-noms2	re_auto	velos_5000_R2	Velos CID	2995	2990.33	-0.16	-0.15	flat	0	False
#9975 without the four MS2 features (Percolator rerun on the same PIN)	pd_on-noms2	re_auto	velos_25000_R3	Velos CID	2845.33	2830.67	-0.52	-0.56	flat	0	False
#9975 without the four MS2 features (Percolator rerun on the same PIN)	pd_on-noms2	re_auto	hfx_A2	HF-X HCD	4552.33	4581.33	0.64	1.25	flat	0	False
#9975 without the four MS2 features (Percolator rerun on the same PIN)	pd_on-noms2	re_auto	hfx_B1	HF-X HCD	4322.67	4350.67	0.65	1.21	flat	0	False
#9975 without the four MS2 features (Percolator rerun on the same PIN)	pd_on-noms2	re_auto	hfx_B3	HF-X HCD	4461.67	4455.67	-0.13	-0.19	flat	0	False
#9975 without the four MS2 features (Percolator rerun on the same PIN)	pd_on-noms2	re_auto	astral_A2	Astral HCD	2356	2378.33	0.95	0.66	flat	0	False
#9975 without the four MS2 features (Percolator rerun on the same PIN)	pd_on-noms2	re_auto	astral_B1	Astral HCD	2824	2853.33	1.04	1.31	flat	0	False
#9975 without the four MS2 features (Percolator rerun on the same PIN)	pd_on-noms2	re_auto	astral_B3	Astral HCD	2786	2781.67	-0.16	-0.07	flat	0	False
#9975 without the four MS2 features (Percolator rerun on the same PIN)	pd_on-noms2	re_auto	lumos_lfq_5192	Lumos HCD LFQ	5559.67	5552.67	-0.13	-0.78	flat	0	False
#9975 without the four MS2 features (Percolator rerun on the same PIN)	pd_on-noms2	re_auto	lumos_lfq_5194	Lumos HCD LFQ	5539.67	5536	-0.07	-0.87	flat	0	False
#9975 without the four MS2 features (Percolator rerun on the same PIN)	pd_on-noms2	re_auto	lumos_lfq_5199	Lumos HCD LFQ	5558.33	5564.33	0.11	1.69	flat	0	False
#9975 without the four MS2 features (Percolator rerun on the same PIN)	pd_on-noms2	re_auto	lumos_tmt_5058	Lumos CID TMT	2327	2296.67	-1.3	-0.83	flat	0	False
#9975 without the four MS2 features (Percolator rerun on the same PIN)	pd_on-noms2	re_auto	lumos_tmt_5059	Lumos CID TMT	2404.67	2372.67	-1.33	-1.23	flat	0	False
#9975 without the four MS2 features (Percolator rerun on the same PIN)	pd_on-noms2	re_auto	lumos_tmt_5066	Lumos CID TMT	2513	2519.67	0.27	0.72	flat	0	False
#9975 without the four MS2 features (Percolator rerun on the same PIN)	pd_on-noms2	re_auto	eclipse_tmtpro_10855	Exploris 480 TMTpro	2676.33	2677	0.02	0.03	flat	0	False
#9975 without the four MS2 features (Percolator rerun on the same PIN)	pd_on-noms2	re_auto	eclipse_tmtpro_10858	Exploris 480 TMTpro	2485	2491	0.24	1.33	flat	0	False
#9975 without the four MS2 features (Percolator rerun on the same PIN)	pd_on-noms2	re_auto	eclipse_tmtpro_10863	Exploris 480 TMTpro	2485.33	2497.67	0.5	0.49	flat	0	False
#9975 without the four MS2 features (Percolator rerun on the same PIN)	pd_on-noms2	re_auto	tims_plasma_30min	timsTOF HT	1050.67	1052	0.13	0.09	flat	0	False
#9975 without the four MS2 features (Percolator rerun on the same PIN)	pd_on-noms2	re_auto	tims_plasma_50min	timsTOF HT	1031.67	1022.33	-0.9	-0.42	flat	0	False
calibration fix, without rt_abs_error	pd_cal-nort	re_auto	velos_125_R1	Velos CID	2979.67	3169	6.35	2.57	up	0	False
calibration fix, without rt_abs_error	pd_cal-nort	re_auto	velos_5000_R2	Velos CID	2995	3055.67	2.03	2.42	up	0	False
calibration fix, without rt_abs_error	pd_cal-nort	re_auto	velos_25000_R3	Velos CID	2845.33	3029.33	6.47	7.69	up	0	False
calibration fix, without rt_abs_error	pd_cal-nort	re_auto	hfx_A2	HF-X HCD	4552.33	4752.33	4.39	13.85	up	0	False
calibration fix, without rt_abs_error	pd_cal-nort	re_auto	hfx_B1	HF-X HCD	4322.67	4626.33	7.02	11.95	up	0	False
calibration fix, without rt_abs_error	pd_cal-nort	re_auto	hfx_B3	HF-X HCD	4461.67	4697.67	5.29	19.91	up	0	False
calibration fix, without rt_abs_error	pd_cal-nort	re_auto	astral_A2	Astral HCD	2356	2810.33	19.28	12.37	up	0	False
calibration fix, without rt_abs_error	pd_cal-nort	re_auto	astral_B1	Astral HCD	2824	3251	15.12	16.87	up	0	False
calibration fix, without rt_abs_error	pd_cal-nort	re_auto	astral_B3	Astral HCD	2786	3041	9.15	3.64	up	0	False
calibration fix, without rt_abs_error	pd_cal-nort	re_auto	lumos_lfq_5192	Lumos HCD LFQ	5559.67	5593.67	0.61	3.9	up	0	False
calibration fix, without rt_abs_error	pd_cal-nort	re_auto	lumos_lfq_5194	Lumos HCD LFQ	5539.67	5642.33	1.85	22.29	up	0	False
calibration fix, without rt_abs_error	pd_cal-nort	re_auto	lumos_lfq_5199	Lumos HCD LFQ	5558.33	5623.33	1.17	21.8	up	0	False
calibration fix, without rt_abs_error	pd_cal-nort	re_auto	lumos_tmt_5058	Lumos CID TMT	2327	2304	-0.99	-0.49	flat	0	False
calibration fix, without rt_abs_error	pd_cal-nort	re_auto	lumos_tmt_5059	Lumos CID TMT	2404.67	2416.67	0.5	0.7	flat	0	False
calibration fix, without rt_abs_error	pd_cal-nort	re_auto	lumos_tmt_5066	Lumos CID TMT	2513	2508	-0.2	-0.6	flat	0	False
calibration fix, without rt_abs_error	pd_cal-nort	re_auto	eclipse_tmtpro_10855	Exploris 480 TMTpro	2676.33	2703.33	1.01	1.48	flat	0	False
calibration fix, without rt_abs_error	pd_cal-nort	re_auto	eclipse_tmtpro_10858	Exploris 480 TMTpro	2485	2504.67	0.79	5.65	up	0	False
calibration fix, without rt_abs_error	pd_cal-nort	re_auto	eclipse_tmtpro_10863	Exploris 480 TMTpro	2485.33	2489	0.15	0.17	flat	0	False
calibration fix, without rt_abs_error	pd_cal-nort	re_auto	tims_plasma_30min	timsTOF HT	1050.67	1074.33	2.25	0.99	flat	0	False
calibration fix, without rt_abs_error	pd_cal-nort	re_auto	tims_plasma_50min	timsTOF HT	1031.67	1043.67	1.16	0.51	flat	0	False
calibration fix, without the four MS2 features	pd_cal-noms2	re_auto	velos_125_R1	Velos CID	2979.67	2994.33	0.49	0.34	flat	0	False
calibration fix, without the four MS2 features	pd_cal-noms2	re_auto	velos_5000_R2	Velos CID	2995	3071	2.54	3.2	up	0	False
calibration fix, without the four MS2 features	pd_cal-noms2	re_auto	velos_25000_R3	Velos CID	2845.33	2905.33	2.11	2.22	up	0	False
calibration fix, without the four MS2 features	pd_cal-noms2	re_auto	hfx_A2	HF-X HCD	4552.33	4804.33	5.54	12.91	up	0	False
calibration fix, without the four MS2 features	pd_cal-noms2	re_auto	hfx_B1	HF-X HCD	4322.67	4591.67	6.22	8.81	up	0	False
calibration fix, without the four MS2 features	pd_cal-noms2	re_auto	hfx_B3	HF-X HCD	4461.67	4705.67	5.47	19.54	up	0	False
calibration fix, without the four MS2 features	pd_cal-noms2	re_auto	astral_A2	Astral HCD	2356	2450.33	4.0	1.55	flat	0	False
calibration fix, without the four MS2 features	pd_cal-noms2	re_auto	astral_B1	Astral HCD	2824	2979.67	5.51	8.81	up	0	False
calibration fix, without the four MS2 features	pd_cal-noms2	re_auto	astral_B3	Astral HCD	2786	2929.67	5.16	1.93	flat	0	False
calibration fix, without the four MS2 features	pd_cal-noms2	re_auto	lumos_lfq_5192	Lumos HCD LFQ	5559.67	5577	0.31	2.78	up	0	False
calibration fix, without the four MS2 features	pd_cal-noms2	re_auto	lumos_lfq_5194	Lumos HCD LFQ	5539.67	5603.33	1.15	5.67	up	0	False
calibration fix, without the four MS2 features	pd_cal-noms2	re_auto	lumos_lfq_5199	Lumos HCD LFQ	5558.33	5573.33	0.27	4.85	up	0	False
calibration fix, without the four MS2 features	pd_cal-noms2	re_auto	lumos_tmt_5058	Lumos CID TMT	2327	2295	-1.38	-0.89	flat	0	False
calibration fix, without the four MS2 features	pd_cal-noms2	re_auto	lumos_tmt_5059	Lumos CID TMT	2404.67	2366	-1.61	-2.35	down	0	False
calibration fix, without the four MS2 features	pd_cal-noms2	re_auto	lumos_tmt_5066	Lumos CID TMT	2513	2521.33	0.33	1.05	flat	0	False
calibration fix, without the four MS2 features	pd_cal-noms2	re_auto	eclipse_tmtpro_10855	Exploris 480 TMTpro	2676.33	2694	0.66	0.87	flat	0	False
calibration fix, without the four MS2 features	pd_cal-noms2	re_auto	eclipse_tmtpro_10858	Exploris 480 TMTpro	2485	2495.33	0.42	2.89	up	0	False
calibration fix, without the four MS2 features	pd_cal-noms2	re_auto	eclipse_tmtpro_10863	Exploris 480 TMTpro	2485.33	2480	-0.21	-0.26	flat	0	False
calibration fix, without the four MS2 features	pd_cal-noms2	re_auto	tims_plasma_30min	timsTOF HT	1050.67	1055	0.41	0.19	flat	0	False
calibration fix, without the four MS2 features	pd_cal-noms2	re_auto	tims_plasma_50min	timsTOF HT	1031.67	1012.67	-1.84	-0.6	flat	0	False
#9975 with peptdeep's instrument group per instrument, against QE	pd_inst	pd_on	velos_125_R1	Velos CID	3141	3204.67	2.03	1.0	flat	0	False
#9975 with peptdeep's instrument group per instrument, against QE	pd_inst	pd_on	velos_5000_R2	Velos CID	3037	3226	6.22	5.42	up	0	False
#9975 with peptdeep's instrument group per instrument, against QE	pd_inst	pd_on	velos_25000_R3	Velos CID	3024.67	3174.67	4.96	9.2	up	0	False
#9975 with peptdeep's instrument group per instrument, against QE	pd_inst	pd_on	astral_A2	Astral HCD	2851	2715.67	-4.75	-2.32	down	0	False
#9975 with peptdeep's instrument group per instrument, against QE	pd_inst	pd_on	astral_B1	Astral HCD	3277.33	3152	-3.82	-4.31	down	0	False
#9975 with peptdeep's instrument group per instrument, against QE	pd_inst	pd_on	astral_B3	Astral HCD	3020	3051	1.03	0.53	flat	0	False
#9975 with peptdeep's instrument group per instrument, against QE	pd_inst	pd_on	lumos_lfq_5192	Lumos HCD LFQ	5592	5601	0.16	0.92	flat	0	False
#9975 with peptdeep's instrument group per instrument, against QE	pd_inst	pd_on	lumos_lfq_5194	Lumos HCD LFQ	5642.67	5629.67	-0.23	-3.37	down	0	False
#9975 with peptdeep's instrument group per instrument, against QE	pd_inst	pd_on	lumos_lfq_5199	Lumos HCD LFQ	5618.67	5623	0.08	0.78	flat	0	False
#9975 with peptdeep's instrument group per instrument, against QE	pd_inst	pd_on	lumos_tmt_5058	Lumos CID TMT	2335	2312.33	-0.97	-0.51	flat	0	False
#9975 with peptdeep's instrument group per instrument, against QE	pd_inst	pd_on	lumos_tmt_5059	Lumos CID TMT	2395.67	2400.33	0.19	0.15	flat	0	False
#9975 with peptdeep's instrument group per instrument, against QE	pd_inst	pd_on	lumos_tmt_5066	Lumos CID TMT	2503.33	2526.67	0.93	1.73	flat	0	False
#9975 with peptdeep's instrument group per instrument, against QE	pd_inst	pd_on	tims_plasma_30min	timsTOF HT	1058	1082.67	2.33	0.95	flat	0	False
#9975 with peptdeep's instrument group per instrument, against QE	pd_inst	pd_on	tims_plasma_50min	timsTOF HT	1029.33	1067.67	3.72	1.64	flat	0	False
#9975 with peptdeep's instrument group per instrument, against develop	pd_inst	re_auto	velos_125_R1	Velos CID	2979.67	3204.67	7.55	4.0	up	0	False
#9975 with peptdeep's instrument group per instrument, against develop	pd_inst	re_auto	velos_5000_R2	Velos CID	2995	3226	7.71	7.65	up	0	False
#9975 with peptdeep's instrument group per instrument, against develop	pd_inst	re_auto	velos_25000_R3	Velos CID	2845.33	3174.67	11.57	12.44	up	0	False
#9975 with peptdeep's instrument group per instrument, against develop	pd_inst	re_auto	astral_A2	Astral HCD	2356	2715.67	15.27	6.69	up	0	False
#9975 with peptdeep's instrument group per instrument, against develop	pd_inst	re_auto	astral_B1	Astral HCD	2824	3152	11.61	17.38	up	0	False
#9975 with peptdeep's instrument group per instrument, against develop	pd_inst	re_auto	astral_B3	Astral HCD	2786	3051	9.51	4.94	up	0	False
#9975 with peptdeep's instrument group per instrument, against develop	pd_inst	re_auto	lumos_lfq_5192	Lumos HCD LFQ	5559.67	5601	0.74	6.18	up	0	False
#9975 with peptdeep's instrument group per instrument, against develop	pd_inst	re_auto	lumos_lfq_5194	Lumos HCD LFQ	5539.67	5629.67	1.62	18.16	up	0	False
#9975 with peptdeep's instrument group per instrument, against develop	pd_inst	re_auto	lumos_lfq_5199	Lumos HCD LFQ	5558.33	5623	1.16	30.67	up	0	False
#9975 with peptdeep's instrument group per instrument, against develop	pd_inst	re_auto	lumos_tmt_5058	Lumos CID TMT	2327	2312.33	-0.63	-0.4	flat	0	False
#9975 with peptdeep's instrument group per instrument, against develop	pd_inst	re_auto	lumos_tmt_5059	Lumos CID TMT	2404.67	2400.33	-0.18	-0.32	flat	0	False
#9975 with peptdeep's instrument group per instrument, against develop	pd_inst	re_auto	lumos_tmt_5066	Lumos CID TMT	2513	2526.67	0.54	1.01	flat	0	False
#9975 with peptdeep's instrument group per instrument, against develop	pd_inst	re_auto	tims_plasma_30min	timsTOF HT	1050.67	1082.67	3.05	1.27	flat	0	False
#9975 with peptdeep's instrument group per instrument, against develop	pd_inst	re_auto	tims_plasma_50min	timsTOF HT	1031.67	1067.67	3.49	1.26	flat	0	False
