dataset	group	base	pr65_auto	pr66_priors	pr68_current	historical_prose	andes_auto	andes_explicit_highres	sage
velos_125_R1	Velos CID	2907	2907	2913.6666666666665	2907	2907	3035		2953
velos_5000_R2	Velos CID	2945.6666666666665	2945.6666666666665	2945.6666666666665	2945.6666666666665	2945.6666666666665	3002.6666666666665		2885.3333333333335
velos_25000_R3	Velos CID	2777	2777	2811	2777	2777	2964		2919.6666666666665
hfx_A2	HF-X HCD	4494.333333333333	4253.666666666667	4498	4494.333333333333	4494.333333333333	4689.666666666667		4444.666666666667
hfx_B1	HF-X HCD	4304.333333333333	4211.333333333333	4318	4304.333333333333	4304.333333333333	4722.333333333333		4550.333333333333
hfx_B3	HF-X HCD	4351.333333333333	4230	4343.666666666667	4351.333333333333	4351.333333333333	4699.666666666667		4447.666666666667
astral_A2	Astral HCD	1978.3333333333333	1972	2049.3333333333335	1978.3333333333333	1978.3333333333333	2839		2148
astral_B1	Astral HCD	2286	2423.3333333333335	2432.3333333333335	2286	2286	3175		2165
astral_B3	Astral HCD	2222	2391.6666666666665	2347.3333333333335	2222	2222	3207.3333333333335		2300.3333333333335
lumos_lfq_5192	Lumos HCD LFQ	5476.333333333333	5074.666666666667	5486	5476.333333333333	5476.333333333333	5590.666666666667		5641.666666666667
lumos_lfq_5194	Lumos HCD LFQ	5460	5311	5455.666666666667	5460	5460	5640		5593
lumos_lfq_5199	Lumos HCD LFQ	5502	5399.333333333333	5502.333333333333	5502	5502	5618		5578.333333333333
lumos_tmt_5058	Lumos CID TMT	2329	2329	2363	2329	2329	2440.3333333333335		2306.6666666666665
lumos_tmt_5059	Lumos CID TMT	2341.6666666666665	2341.6666666666665	2354.3333333333335	2341.6666666666665	2341.6666666666665	2393.3333333333335		2402.3333333333335
lumos_tmt_5066	Lumos CID TMT	2526	2526	2529.3333333333335	2526	2526	2573		2490.3333333333335
eclipse_tmtpro_10855	Exploris 480 TMTpro	2364	2431.6666666666665	2411.3333333333335	2364	2364	2686.3333333333335		2708.6666666666665
eclipse_tmtpro_10858	Exploris 480 TMTpro	2128.6666666666665	2219.6666666666665	2186	2128.6666666666665	2128.6666666666665	2370		2545.3333333333335
eclipse_tmtpro_10863	Exploris 480 TMTpro	2249.6666666666665	2205.6666666666665	2260.3333333333335	2249.6666666666665	2249.6666666666665	2451.3333333333335		2535
tims_plasma_30min	timsTOF HT	1030.3333333333333	1021.3333333333334	1040.3333333333333	1030.3333333333333	1030.3333333333333	1013	1076	1078.6666666666667
tims_plasma_50min	timsTOF HT	1045.6666666666667	1002.3333333333334	1021	1045.6666666666667	1045.6666666666667	915	982	1021.3333333333334
