dataset	group	arm	control	seed_1	seed_42	seed_137	mean_psms	delta_mean	delta_pct	native_psms	native_delta	scored_spectra	ion_prior_training_psms	fitted_sd	fitted_shift	kernel	historical_pin_identical	pin_sha256
velos_125_R1	Velos CID	base	base	2927	2848	2946	2907	0	0.0	2374	0	7950					True	b272aec1533b67b9ab7f7de2e095151ec95922c9b044fabd78c0049e6a4479cc
velos_125_R1	Velos CID	pr65_auto	base	2927	2848	2946	2907	0	0.0	2374	0	7950		7.0	0.0	configured	True	b272aec1533b67b9ab7f7de2e095151ec95922c9b044fabd78c0049e6a4479cc
velos_125_R1	Velos CID	pr66_priors	base	2930	2911	2900	2913.6666666666665	6.666666666666667	0.22933149868133995	2374	0	7950	2374				False	661a7688cedd8b05467d5f7337e3b8c7bd96e0b0ac36eebdead7fa143932299a
velos_125_R1	Velos CID	pr68_cutoff	base	2927	2848	2946	2907	0	0.0	2374	0	7950					True	b272aec1533b67b9ab7f7de2e095151ec95922c9b044fabd78c0049e6a4479cc
velos_125_R1	Velos CID	pr68_current	base	2927	2848	2946	2907	0	0.0	2374	0	7950					True	b272aec1533b67b9ab7f7de2e095151ec95922c9b044fabd78c0049e6a4479cc
velos_5000_R2	Velos CID	base	base	2944	2956	2937	2945.6666666666665	0	0.0	2407	0	7838					True	a066d8e20fa73dbbda28f893abd9f00525fbf711185cc0750cd31f0ce0a6125c
velos_5000_R2	Velos CID	pr65_auto	base	2944	2956	2937	2945.6666666666665	0	0.0	2407	0	7838		7.0	0.0	configured	True	a066d8e20fa73dbbda28f893abd9f00525fbf711185cc0750cd31f0ce0a6125c
velos_5000_R2	Velos CID	pr66_priors	base	2931	2941	2965	2945.6666666666665	0	0.0	2407	0	7838	2408				False	150428f60437c4a175adaa068a8b564b4459433faa3ba812068992f6aead931c
velos_5000_R2	Velos CID	pr68_cutoff	base	2944	2956	2937	2945.6666666666665	0	0.0	2407	0	7838					True	a066d8e20fa73dbbda28f893abd9f00525fbf711185cc0750cd31f0ce0a6125c
velos_5000_R2	Velos CID	pr68_current	base	2944	2956	2937	2945.6666666666665	0	0.0	2407	0	7838					True	a066d8e20fa73dbbda28f893abd9f00525fbf711185cc0750cd31f0ce0a6125c
velos_25000_R3	Velos CID	base	base	2757	2812	2762	2777	0	0.0	2251	0	7473					True	127f8008c58699c29449d1a6de68b40c5f731c63830f5c2ee47592a49bf984ed
velos_25000_R3	Velos CID	pr65_auto	base	2757	2812	2762	2777	0	0.0	2251	0	7473		7.0	0.0	configured	True	127f8008c58699c29449d1a6de68b40c5f731c63830f5c2ee47592a49bf984ed
velos_25000_R3	Velos CID	pr66_priors	base	2822	2819	2792	2811	34	1.2243428159884662	2251	0	7473	2251				False	56c98054c6fa790b2cded88ddc4d4e5a3da1faa9f231ff00b8c56d7daa998ac1
velos_25000_R3	Velos CID	pr68_cutoff	base	2757	2812	2762	2777	0	0.0	2251	0	7473					True	127f8008c58699c29449d1a6de68b40c5f731c63830f5c2ee47592a49bf984ed
velos_25000_R3	Velos CID	pr68_current	base	2757	2812	2762	2777	0	0.0	2251	0	7473					True	127f8008c58699c29449d1a6de68b40c5f731c63830f5c2ee47592a49bf984ed
hfx_A2	HF-X HCD	base	base	4477	4520	4486	4494.333333333333	0	0.0	3924	0	6040					True	d3fd5561b09766c394d2c49c2c61115a5e718c5aeda6adfdcceff8545bfc674c
hfx_A2	HF-X HCD	pr65_auto	base	4278	4221	4262	4253.666666666667	-240.66666666666666	-5.35489134465622	3917	-7	5441		3.607078370666562	-0.780718740988542	calibrated	False	4b176cb5b36ddfe841f8976c0ee02e1b7f458c57249651d4fca4ae0faf399c64
hfx_A2	HF-X HCD	pr66_priors	base	4525	4486	4483	4498	3.6666666666666665	0.08158421716235598	3924	0	6040	3953				False	c51c9ed08a7b2fe2da5d4e9e9614e988281f294217e5008d552f86019c088681
hfx_A2	HF-X HCD	pr68_cutoff	base	4477	4520	4486	4494.333333333333	0	0.0	3924	0	6040					True	d3fd5561b09766c394d2c49c2c61115a5e718c5aeda6adfdcceff8545bfc674c
hfx_A2	HF-X HCD	pr68_current	base	4477	4520	4486	4494.333333333333	0	0.0	3924	0	6040					True	d3fd5561b09766c394d2c49c2c61115a5e718c5aeda6adfdcceff8545bfc674c
hfx_A2	HF-X HCD	base_mass_cal	base	4207	4221	4228	4218.666666666667	-275.6666666666667	-6.133649781205952	3878	-46	5292					False	80a58b5beca00a9fc853e0685da4d7fb167f17cdc76c252781545d5abea0f05c
hfx_A2	HF-X HCD	pr65_mass_cal	base_mass_cal	4205	4213	4239	4219	0.3333333333333333	0.007901390644748929	3309	-569	5292		3.375083743711097	-0.703523771732772	calibrated	False	181adc2ef44796f26cdc8e3afb465e6cf02a9d513a6ef68c844f8bfd9f2ce4ca
hfx_B1	HF-X HCD	base	base	4317	4319	4277	4304.333333333333	0	0.0	3773	0	5849					True	d4f6efd8c227a4fb9a71715192222c317d2865c37c9fb166088581e33b599bc5
hfx_B1	HF-X HCD	pr65_auto	base	4184	4213	4237	4211.333333333333	-93	-2.1606133353984314	3851	78	5492		3.534851617601668	-0.910648708270407	calibrated	False	c23f8f82b5b73d94acbc5afb5fab732f47b6422ddc6cfbaee2cb10bf3eea65fc
hfx_B1	HF-X HCD	pr66_priors	base	4364	4331	4259	4318	13.666666666666666	0.3175094865639272	3773	0	5849	3791				False	f4158588df4bac526e908c486e453a609ba475cffd72b2a2927bf140c14469ee
hfx_B1	HF-X HCD	pr68_cutoff	base	4317	4319	4277	4304.333333333333	0	0.0	3773	0	5849					True	d4f6efd8c227a4fb9a71715192222c317d2865c37c9fb166088581e33b599bc5
hfx_B1	HF-X HCD	pr68_current	base	4317	4319	4277	4304.333333333333	0	0.0	3773	0	5849					True	d4f6efd8c227a4fb9a71715192222c317d2865c37c9fb166088581e33b599bc5
hfx_B1	HF-X HCD	base_mass_cal	base	4131	4204	4221	4185.333333333333	-119	-2.7646557732517674	3732	-41	5406					False	7322c65f0d7eef0eb53be402efd38ec9e7c6901a46dc9edd919662fc4e2d2487
hfx_B1	HF-X HCD	pr65_mass_cal	base_mass_cal	4176	4224	4195	4198.333333333333	13	0.3106084740363224	3201	-531	5406		3.327450958391705	-0.856696731005273	calibrated	False	60e0f87e20dcb4075220e71e6282fa79ba297fffc09548eb8957d55ad608ddda
hfx_B3	HF-X HCD	base	base	4359	4328	4367	4351.333333333333	0	0.0	3936	0	6018					True	3e6f1017b26c3ae522d90419ce9864496e9c17cf3440bbf6401a0d17057f5365
hfx_B3	HF-X HCD	pr65_auto	base	4209	4247	4234	4230	-121.33333333333333	-2.7884173433430304	3872	-64	5511		3.721030262399436	-0.96224854029791	calibrated	False	1e5208f3a3bcb1e7e0995c045e6661185e734141d3ea435a844d7d35005b7b27
hfx_B3	HF-X HCD	pr66_priors	base	4280	4361	4390	4343.666666666667	-7.666666666666667	-0.17619120576066738	3936	0	6018	3942				False	449fafa9bc496d9933cb7e2feab39bc49d01f7717785a2255233e1613a29312f
hfx_B3	HF-X HCD	pr68_cutoff	base	4359	4328	4367	4351.333333333333	0	0.0	3936	0	6018					True	3e6f1017b26c3ae522d90419ce9864496e9c17cf3440bbf6401a0d17057f5365
hfx_B3	HF-X HCD	pr68_current	base	4359	4328	4367	4351.333333333333	0	0.0	3936	0	6018					True	3e6f1017b26c3ae522d90419ce9864496e9c17cf3440bbf6401a0d17057f5365
hfx_B3	HF-X HCD	base_mass_cal	base	4226	4174	4248	4216	-135.33333333333334	-3.110157806036462	3928	-8	5411					False	674b23b0f4b69810c046e3ab84435ff02033900a23db2e78779b3b97a1b8ab55
hfx_B3	HF-X HCD	pr65_mass_cal	base_mass_cal	4250	4244	4207	4233.666666666667	17.666666666666668	0.41903858317520193	3329	-599	5411		3.533895349824064	-0.912969264399333	calibrated	False	60f8a12011e39468cb7224e30ebf57978923c33ea9cf6c5ea8b447cf2d0a5e02
astral_A2	Astral HCD	base	base	2002	2018	1915	1978.3333333333333	0	0.0	1465	0	5600					True	2a6c73e7dd51da560dff2aac26c86ab6bbe14f4f5d57e58cfa0ea983874ee0e5
astral_A2	Astral HCD	pr65_auto	base	1994	1957	1965	1972	-6.333333333333333	-0.32013479359730423	1835	370	4899		2.12556035466781	-2.674081973482651	calibrated	False	e146bc730131d630440402cce3ab9ebc39efe663eba7a513bf32835b4110a52f
astral_A2	Astral HCD	pr66_priors	base	2156	1986	2006	2049.3333333333335	71	3.5888795282224217	1465	0	5600	1465				False	7fd11fbbb23d2980a71ebb7a7f27501afd41f724512102fcb405abf075cc8164
astral_A2	Astral HCD	pr68_cutoff	base	2002	2018	1915	1978.3333333333333	0	0.0	1465	0	5600					True	2a6c73e7dd51da560dff2aac26c86ab6bbe14f4f5d57e58cfa0ea983874ee0e5
astral_A2	Astral HCD	pr68_current	base	2002	2018	1915	1978.3333333333333	0	0.0	1465	0	5600					True	2a6c73e7dd51da560dff2aac26c86ab6bbe14f4f5d57e58cfa0ea983874ee0e5
astral_A2	Astral HCD	base_mass_cal	base	2149	2062	2133	2114.6666666666665	136.33333333333334	6.891322662173538	1805	340	4797					False	97641e48131b8475ef658bc9e178e8b3dd53d4f14e3725c0ad535bd5495223b7
astral_A2	Astral HCD	pr65_mass_cal	base_mass_cal	2100	2136	2172	2136	21.333333333333332	1.0088272383354413	1527	-278	4797		2.071114512962042	-2.634757024483651	calibrated	False	bfc0e5349704055d9ae682ce43b43476530776b4465a59c6e283b579868a0d0e
astral_B1	Astral HCD	base	base	2327	2255	2276	2286	0	0.0	1745	0	5804					True	9151a9ac0ca148e4d9eceac3e8aac32284234970b5e81abff77a8b98ea8ba8c6
astral_B1	Astral HCD	pr65_auto	base	2440	2418	2412	2423.3333333333335	137.33333333333334	6.007582385535137	1970	225	4796		1.854098401191055	-2.254128028212127	calibrated	False	fbe5b37009eec1048bff9f3106d68a48d94bb9976f7e499fa1ebc027100abc12
astral_B1	Astral HCD	pr66_priors	base	2434	2435	2428	2432.3333333333335	146.33333333333334	6.401283172936734	1745	0	5804	1763				False	6a92054160ee76235918f9b1c1b76e56ec8ade11d127f5cd8140ec3bc130529a
astral_B1	Astral HCD	pr68_cutoff	base	2327	2255	2276	2286	0	0.0	1745	0	5804					True	9151a9ac0ca148e4d9eceac3e8aac32284234970b5e81abff77a8b98ea8ba8c6
astral_B1	Astral HCD	pr68_current	base	2327	2255	2276	2286	0	0.0	1745	0	5804					True	9151a9ac0ca148e4d9eceac3e8aac32284234970b5e81abff77a8b98ea8ba8c6
astral_B1	Astral HCD	base_mass_cal	base	2389	2403	2360	2384	98	4.286964129483817	2073	328	4719					False	fa5f37cc4e1c67fe1268b15ea084a28c64c90081143ece1b8dfa889db08ec375
astral_B1	Astral HCD	pr65_mass_cal	base_mass_cal	2382	2340	2404	2375.3333333333335	-8.666666666666666	-0.3635346756152069	1450	-623	4719		1.826876531611259	-2.226839735301083	calibrated	False	b4a8f7c9bbf38acbbe6151aaa0c6ab3fa2747324e3f912d9068a7869a389e7cf
astral_B3	Astral HCD	base	base	2203	2215	2248	2222	0	0.0	1668	0	5778					True	6a4e837dba790f193fd2e460bc6cd763bc6a2814a5775d3fd6b3a1b0ed76b0c9
astral_B3	Astral HCD	pr65_auto	base	2354	2452	2369	2391.6666666666665	169.66666666666666	7.635763576357624	2059	391	4625		1.787461923223033	-2.126513041536699	calibrated	False	12b6c929f30baefc0ea1ba6ca1fd75000b3b73c0d957e32a098a1d4f556db9d6
astral_B3	Astral HCD	pr66_priors	base	2365	2307	2370	2347.3333333333335	125.33333333333333	5.64056405640565	1668	0	5778	1668				False	f29b3ca34588f367b545c64316e3811fe1cb4b22b2779576dd61bae3fc3ca5a4
astral_B3	Astral HCD	pr68_cutoff	base	2203	2215	2248	2222	0	0.0	1668	0	5778					True	6a4e837dba790f193fd2e460bc6cd763bc6a2814a5775d3fd6b3a1b0ed76b0c9
astral_B3	Astral HCD	pr68_current	base	2203	2215	2248	2222	0	0.0	1668	0	5778					True	6a4e837dba790f193fd2e460bc6cd763bc6a2814a5775d3fd6b3a1b0ed76b0c9
astral_B3	Astral HCD	base_mass_cal	base	2418	2335	2420	2391	169	7.605760576057596	2168	500	4586					False	1d4ede0364b3720fe6aab6a23ccfd89568dfefb74fdffe287fbbaa7c69b89365
astral_B3	Astral HCD	pr65_mass_cal	base_mass_cal	2344	2378	2374	2365.3333333333335	-25.666666666666668	-1.0734699567823691	1354	-814	4586		1.743184841639834	-2.124778302543912	calibrated	False	772f62d1dc7a4591f9de03b96ba31df8d77a4bc3c799225cef29f7662ecf452a
lumos_lfq_5192	Lumos HCD LFQ	base	base	5481	5479	5469	5476.333333333333	0	0.0	5366	0	6704					True	05934feba6b43cffc9f266e5cb10dfc0480905f067535b3432892de0cc2e9929
lumos_lfq_5192	Lumos HCD LFQ	pr65_auto	base	5072	5085	5067	5074.666666666667	-401.6666666666667	-7.334591271532032	5047	-319	5636		3.259894493657422	0.562185740914831	calibrated	False	d8b67b6f4b51b291791defff233e461b30b1e04dcd2608848c57f5bbf74815e6
lumos_lfq_5192	Lumos HCD LFQ	pr66_priors	base	5493	5480	5485	5486	9.666666666666666	0.17651713433564087	5366	0	6704	5402				False	f2168ef807ddcdb8aceabadbe559a4a70d88fca81ea97feb36d4d964bb2b3bfb
lumos_lfq_5192	Lumos HCD LFQ	pr68_cutoff	base	5481	5479	5469	5476.333333333333	0	0.0	5366	0	6704					True	05934feba6b43cffc9f266e5cb10dfc0480905f067535b3432892de0cc2e9929
lumos_lfq_5192	Lumos HCD LFQ	pr68_current	base	5481	5479	5469	5476.333333333333	0	0.0	5366	0	6704					True	05934feba6b43cffc9f266e5cb10dfc0480905f067535b3432892de0cc2e9929
lumos_lfq_5192	Lumos HCD LFQ	base_mass_cal	base	5185	5171	5172	5176	-300.3333333333333	-5.484204759875821	5101	-265	5957					False	21fc06386520f681d8376c00d5d89e3cf437bc6ba9aec36183631c68524979d8
lumos_lfq_5192	Lumos HCD LFQ	pr65_mass_cal	base_mass_cal	5171	5193	5175	5179.666666666667	3.6666666666666665	0.07083977331272528	4932	-169	5957		3.105324783548646	0.568287164018027	calibrated	False	a2c2f6506b63903cc356884354d0a351870189b67fbed491f5fb9bc6abaafce2
lumos_lfq_5194	Lumos HCD LFQ	base	base	5444	5470	5466	5460	0	0.0	5290	0	6764					True	5e83a3472147c33231d9308c1a7a87a5e32cb7dc57b07e53d4331a020ab143fa
lumos_lfq_5194	Lumos HCD LFQ	pr65_auto	base	5305	5308	5320	5311	-149	-2.7289377289377303	5236	-54	6257		3.14610370416247	1.209110254599159	calibrated	False	c325adc763f8677dc0f29abfb631fbad2f5e48c0a74aec9e374c752a6dc3644a
lumos_lfq_5194	Lumos HCD LFQ	pr66_priors	base	5441	5463	5463	5455.666666666667	-4.333333333333333	-0.07936507936507908	5290	0	6764	5290				False	510d5543a042a7ca1321e3eed81d24c55071f059e3545b07025e24f310f7b97b
lumos_lfq_5194	Lumos HCD LFQ	pr68_cutoff	base	5444	5470	5466	5460	0	0.0	5290	0	6764					True	5e83a3472147c33231d9308c1a7a87a5e32cb7dc57b07e53d4331a020ab143fa
lumos_lfq_5194	Lumos HCD LFQ	pr68_current	base	5444	5470	5466	5460	0	0.0	5290	0	6764					True	5e83a3472147c33231d9308c1a7a87a5e32cb7dc57b07e53d4331a020ab143fa
lumos_lfq_5194	Lumos HCD LFQ	base_mass_cal	base	5306	5314	5313	5311	-149	-2.7289377289377303	5279	-11	6217					False	921ade14505a7f331a9b943a12f9bc6cd38cd61bdd5f020686df9fb18d488b82
lumos_lfq_5194	Lumos HCD LFQ	pr65_mass_cal	base_mass_cal	5314	5311	5324	5316.333333333333	5.333333333333333	0.100420510889343	5108	-171	6217		2.890354993130333	1.159105146209324	calibrated	False	ba5513f33de86a0c1776eee80601686ee081c7b63ff2e684098e26090abd30a9
lumos_lfq_5199	Lumos HCD LFQ	base	base	5494	5503	5509	5502	0	0.0	5362	0	6855					True	9bba9e7d844f00f564db3bc2a0e0a38930f8e4dfe98469c5b6c8d5ff9d5171f8
lumos_lfq_5199	Lumos HCD LFQ	pr65_auto	base	5395	5399	5404	5399.333333333333	-102.66666666666667	-1.8659881255301158	5341	-21	6458		3.293502685538226	0.627458662654123	calibrated	False	1811aedacc97fc789f908ba76f504d0647ea23c30d784accb2410afd1a7e1d53
lumos_lfq_5199	Lumos HCD LFQ	pr66_priors	base	5503	5495	5509	5502.333333333333	0.3333333333333333	0.006058403004960411	5362	0	6855	5391				False	85f8f548e07c5d7469a3987c95742e8d5a6802e9f241238cd2569cd38882232b
lumos_lfq_5199	Lumos HCD LFQ	pr68_cutoff	base	5494	5503	5509	5502	0	0.0	5362	0	6855					True	9bba9e7d844f00f564db3bc2a0e0a38930f8e4dfe98469c5b6c8d5ff9d5171f8
lumos_lfq_5199	Lumos HCD LFQ	pr68_current	base	5494	5503	5509	5502	0	0.0	5362	0	6855					True	9bba9e7d844f00f564db3bc2a0e0a38930f8e4dfe98469c5b6c8d5ff9d5171f8
lumos_lfq_5199	Lumos HCD LFQ	base_mass_cal	base	5402	5406	5382	5396.666666666667	-105.33333333333333	-1.9144553495698435	5348	-14	6386					False	078b1162dfe4c110b2eca4fb313998d990b48c42970fe0720687c19fffec3a86
lumos_lfq_5199	Lumos HCD LFQ	pr65_mass_cal	base_mass_cal	5408	5395	5401	5401.333333333333	4.666666666666667	0.0864731315626921	5207	-141	6386		3.121361014113736	0.603610780336305	calibrated	False	b471e96f5f1165243c2bbb6fd4e66b7fbfc96b3dff8d1f31e88c82dc801851fb
lumos_tmt_5058	Lumos CID TMT	base	base	2352	2349	2286	2329	0	0.0	2038	0	7586					True	3bb48278ed49249e01931a8f5fac840da833be52350acd49bb1bf6d0210b5bb4
lumos_tmt_5058	Lumos CID TMT	pr65_auto	base	2352	2349	2286	2329	0	0.0	2038	0	7586		7.0	0.0	configured	True	3bb48278ed49249e01931a8f5fac840da833be52350acd49bb1bf6d0210b5bb4
lumos_tmt_5058	Lumos CID TMT	pr66_priors	base	2400	2340	2349	2363	34	1.4598540145985384	2038	0	7586	2076				False	3f311a90917cb825bbbe1447983d927a5e284f74d768549e4253d16019b014fa
lumos_tmt_5058	Lumos CID TMT	pr68_cutoff	base	2352	2349	2286	2329	0	0.0	2038	0	7586					True	3bb48278ed49249e01931a8f5fac840da833be52350acd49bb1bf6d0210b5bb4
lumos_tmt_5058	Lumos CID TMT	pr68_current	base	2352	2349	2286	2329	0	0.0	2038	0	7586					True	3bb48278ed49249e01931a8f5fac840da833be52350acd49bb1bf6d0210b5bb4
lumos_tmt_5059	Lumos CID TMT	base	base	2352	2304	2369	2341.6666666666665	0	0.0	2011	0	7514					True	014bde639de3abdb6dbe724cc214b0b450e2fb159d7324b7aa9fb62c0f6dfbfd
lumos_tmt_5059	Lumos CID TMT	pr65_auto	base	2352	2304	2369	2341.6666666666665	0	0.0	2011	0	7514		7.0	0.0	configured	True	014bde639de3abdb6dbe724cc214b0b450e2fb159d7324b7aa9fb62c0f6dfbfd
lumos_tmt_5059	Lumos CID TMT	pr66_priors	base	2415	2348	2300	2354.3333333333335	12.666666666666666	0.5409252669039244	2011	0	7514	2058				False	adc689afec2b8fea13b99f7961ace7ba94c19889722dde7ef6e48cfa1579881c
lumos_tmt_5059	Lumos CID TMT	pr68_cutoff	base	2352	2304	2369	2341.6666666666665	0	0.0	2011	0	7514					True	014bde639de3abdb6dbe724cc214b0b450e2fb159d7324b7aa9fb62c0f6dfbfd
lumos_tmt_5059	Lumos CID TMT	pr68_current	base	2352	2304	2369	2341.6666666666665	0	0.0	2011	0	7514					True	014bde639de3abdb6dbe724cc214b0b450e2fb159d7324b7aa9fb62c0f6dfbfd
lumos_tmt_5066	Lumos CID TMT	base	base	2519	2519	2540	2526	0	0.0	2258	0	7627					True	d04aacd91d1314a4c7a652df6b086896920c4eff368de3d563151bed5162a897
lumos_tmt_5066	Lumos CID TMT	pr65_auto	base	2519	2519	2540	2526	0	0.0	2258	0	7627		7.0	0.0	configured	True	d04aacd91d1314a4c7a652df6b086896920c4eff368de3d563151bed5162a897
lumos_tmt_5066	Lumos CID TMT	pr66_priors	base	2514	2554	2520	2529.3333333333335	3.3333333333333335	0.1319609395618926	2258	0	7627	2272				False	bea48f6ff332a8ab999b858a9f847198f1053eea743b1743feefbe9e66e83a44
lumos_tmt_5066	Lumos CID TMT	pr68_cutoff	base	2519	2519	2540	2526	0	0.0	2258	0	7627					True	d04aacd91d1314a4c7a652df6b086896920c4eff368de3d563151bed5162a897
lumos_tmt_5066	Lumos CID TMT	pr68_current	base	2519	2519	2540	2526	0	0.0	2258	0	7627					True	d04aacd91d1314a4c7a652df6b086896920c4eff368de3d563151bed5162a897
eclipse_tmtpro_10855	Exploris 480 TMTpro	base	base	2342	2387	2363	2364	0	0.0	1998	0	4652					True	c7bf459b7e50e593d80176c767f5d931bffe8e773ed31f5370e32d2353e693c0
eclipse_tmtpro_10855	Exploris 480 TMTpro	pr65_auto	base	2429	2429	2437	2431.6666666666665	67.66666666666667	2.8623801466441057	2218	220	3911		2.780261574877524	0.883923947368315	calibrated	False	0b7c9c82486341ab600ac3b79d3ad42e9bc90a86b2fb852299446049c87199f0
eclipse_tmtpro_10855	Exploris 480 TMTpro	pr66_priors	base	2411	2378	2445	2411.3333333333335	47.333333333333336	2.0022560631697717	1998	0	4652	1998				False	af5a961c63606815d269f4d11da4b89d00a95e6ab842d35c0cea39863ca0855f
eclipse_tmtpro_10855	Exploris 480 TMTpro	pr68_cutoff	base	2342	2387	2363	2364	0	0.0	1998	0	4652					True	c7bf459b7e50e593d80176c767f5d931bffe8e773ed31f5370e32d2353e693c0
eclipse_tmtpro_10855	Exploris 480 TMTpro	pr68_current	base	2342	2387	2363	2364	0	0.0	1998	0	4652					True	c7bf459b7e50e593d80176c767f5d931bffe8e773ed31f5370e32d2353e693c0
eclipse_tmtpro_10855	Exploris 480 TMTpro	base_mass_cal	base	2402	2448	2412	2420.6666666666665	56.666666666666664	2.3970671178793035	2232	234	3872					False	bef2191fda2db15632085d4c750eec9e2df032394668a166dd52047492126779
eclipse_tmtpro_10855	Exploris 480 TMTpro	pr65_mass_cal	base_mass_cal	2424	2445	2445	2438	17.333333333333332	0.7160561828697398	2058	-174	3872		2.75401201133996	0.877519456566558	calibrated	False	56b1e9b14adac4e9480a900eecbe8509efd2d9e75b7f43cfa0cde749ebae5c48
eclipse_tmtpro_10858	Exploris 480 TMTpro	base	base	2116	2146	2124	2128.6666666666665	0	0.0	1782	0	4313					True	20b41a98bbdefec3dc6a5230f50270704f321b0f4b43228e73b84c227aa8a667
eclipse_tmtpro_10858	Exploris 480 TMTpro	pr65_auto	base	2224	2234	2201	2219.6666666666665	91	4.274976511118078	1928	146	3621		2.838496524880493	0.187903898400632	calibrated	False	a8b28c0ba5177f2196bef875e14563b6670fd808f4a78924afc656ca1fbd6cea
eclipse_tmtpro_10858	Exploris 480 TMTpro	pr66_priors	base	2149	2209	2200	2186	57.333333333333336	2.6933917945505925	1782	0	4313	1794				False	3ff8e1a0317ffbbd23dbd7161b0a629352655d53eb9132d8ccddfe6b5bd19a45
eclipse_tmtpro_10858	Exploris 480 TMTpro	pr68_cutoff	base	2116	2146	2124	2128.6666666666665	0	0.0	1782	0	4313					True	20b41a98bbdefec3dc6a5230f50270704f321b0f4b43228e73b84c227aa8a667
eclipse_tmtpro_10858	Exploris 480 TMTpro	pr68_current	base	2116	2146	2124	2128.6666666666665	0	0.0	1782	0	4313					True	20b41a98bbdefec3dc6a5230f50270704f321b0f4b43228e73b84c227aa8a667
eclipse_tmtpro_10858	Exploris 480 TMTpro	base_mass_cal	base	2193	2216	2217	2208.6666666666665	80	3.7582211086752304	1983	201	3412					False	0266e5f9ec4efa3d839417c84ebcb451b5ba167c3892bedf1eb1168f4c27750b
eclipse_tmtpro_10858	Exploris 480 TMTpro	pr65_mass_cal	base_mass_cal	2210	2264	2209	2227.6666666666665	19	0.8602475098098417	1845	-138	3412		2.703470801548657	0.124704818855162	calibrated	False	103862beea51433261f25d388b50f736ed10ab2ecae96323b1bf5b112edd1fc3
eclipse_tmtpro_10863	Exploris 480 TMTpro	base	base	2269	2237	2243	2249.6666666666665	0	0.0	1846	0	4455					True	364919660f8808b950c488af198faaeb8cf972a9d8e9fe1de1888d4bf3651e4d
eclipse_tmtpro_10863	Exploris 480 TMTpro	pr65_auto	base	2190	2178	2249	2205.6666666666665	-44	-1.9558453104163598	2004	158	3492		2.74821399108727	0.910554574422699	calibrated	False	e48821f056069265d4a7b8a188190500b9e30ba071c796d93958f693f72b4c7e
eclipse_tmtpro_10863	Exploris 480 TMTpro	pr66_priors	base	2252	2283	2246	2260.3333333333335	10.666666666666666	0.47414431767671683	1846	0	4455	1846				False	873b7e181592c423844a7e43a9ba453e05933ee68e9beb4f77b3982c27887ec8
eclipse_tmtpro_10863	Exploris 480 TMTpro	pr68_cutoff	base	2269	2237	2243	2249.6666666666665	0	0.0	1846	0	4455					True	364919660f8808b950c488af198faaeb8cf972a9d8e9fe1de1888d4bf3651e4d
eclipse_tmtpro_10863	Exploris 480 TMTpro	pr68_current	base	2269	2237	2243	2249.6666666666665	0	0.0	1846	0	4455					True	364919660f8808b950c488af198faaeb8cf972a9d8e9fe1de1888d4bf3651e4d
eclipse_tmtpro_10863	Exploris 480 TMTpro	base_mass_cal	base	2220	2162	2136	2172.6666666666665	-77	-3.4227292932286213	2031	185	3461					False	39ffd605682a9fd0e78323a5a0011f9387b4b0cc1ac6f52a3d435e365ff1beab
eclipse_tmtpro_10863	Exploris 480 TMTpro	pr65_mass_cal	base_mass_cal	2202	2118	2117	2145.6666666666665	-27	-1.2427124884934027	1932	-99	3461		2.650057026992728	0.937988026217735	calibrated	False	5cfbc1b7eec7a47416b0554444392cbaf67b63685fcf0e32714f986db3c8e28f
tims_plasma_30min	timsTOF HT	base	base	1020	1035	1036	1030.3333333333333	0	0.0	842	0	3771					True	97aa0ed76036991bfcf4448d45eda1c522049c2b73a4b9577aa84753e6e20a63
tims_plasma_30min	timsTOF HT	pr65_auto	base	1037	1018	1009	1021.3333333333334	-9	-0.8735037204787965	836	-6	3723		6.248679085800813	1.94555371111595	calibrated	False	23ef5de403223c12fb780a1602d0b944943dcfa786afe55c83084d3d52538868
tims_plasma_30min	timsTOF HT	pr66_priors	base	1055	1029	1037	1040.3333333333333	10	0.9705596894209023	842	0	3771	842				False	7723faf9e1d42a8d878a244c69a23e6f6c7fae4d9ddf6eb69f5de179b160edc6
tims_plasma_30min	timsTOF HT	pr68_cutoff	base	1020	1035	1036	1030.3333333333333	0	0.0	842	0	3771					True	97aa0ed76036991bfcf4448d45eda1c522049c2b73a4b9577aa84753e6e20a63
tims_plasma_30min	timsTOF HT	pr68_current	base	1020	1035	1036	1030.3333333333333	0	0.0	842	0	3771					True	97aa0ed76036991bfcf4448d45eda1c522049c2b73a4b9577aa84753e6e20a63
tims_plasma_30min	timsTOF HT	base_mass_cal	base	1020	995	1008	1007.6666666666666	-22.666666666666668	-2.1999352960207053	883	41	3584					False	c6185264d98f66b710843b600945de00f8709dbb0c56d14c9131dc3533fa6d03
tims_plasma_30min	timsTOF HT	pr65_mass_cal	base_mass_cal	1030	1012	1015	1019	11.333333333333334	1.1247105524313739	883	0	3584		5.702679076653189	1.359635853027463	calibrated	False	7398120fb8cd09972df1a1d4af5e87a42caabc6bae33f22672b4e9b8d1a9ddc2
tims_plasma_50min	timsTOF HT	base	base	1047	1045	1045	1045.6666666666667	0	0.0	865	0	3564					True	f23ef04453415b6c82a2eb2e2cf9b9be21e917c6a65a94862bc63a2d8ab4d215
tims_plasma_50min	timsTOF HT	pr65_auto	base	1027	955	1025	1002.3333333333334	-43.333333333333336	-4.144086707044947	862	-3	3452		7.906488430998607	3.115227661705303	calibrated	False	fc2bcf2c3628a3bc6c036b34f852736833f31f93cb147bff48860103e1ab459e
tims_plasma_50min	timsTOF HT	pr66_priors	base	1061	1036	966	1021	-24.666666666666668	-2.3589416640102057	865	0	3564	865				False	425364441962ede6701258d06135e46ed66dc7f1c3c059a98028712b5e7fcc04
tims_plasma_50min	timsTOF HT	pr68_cutoff	base	1047	1045	1045	1045.6666666666667	0	0.0	865	0	3564					True	f23ef04453415b6c82a2eb2e2cf9b9be21e917c6a65a94862bc63a2d8ab4d215
tims_plasma_50min	timsTOF HT	pr68_current	base	1047	1045	1045	1045.6666666666667	0	0.0	865	0	3564					True	f23ef04453415b6c82a2eb2e2cf9b9be21e917c6a65a94862bc63a2d8ab4d215
tims_plasma_50min	timsTOF HT	base_mass_cal	base	1012	954	1034	1000	-45.666666666666664	-4.367229837424302	836	-29	3469					False	bc2ca4476797968fd589e32b581fd0a49c4666d4d8811336c936c6278c3c96c6
tims_plasma_50min	timsTOF HT	pr65_mass_cal	base_mass_cal	1009	911	1025	981.6666666666666	-18.333333333333332	-1.8333333333333424	918	82	3469		6.519572702764978	3.115227661705303	calibrated	False	69c9073fdc2554e772546d85a59cdc9f992b018e97589f0fbf231729eb648f86
