group	arm	n	mean_psms	delta_mean	delta_pct	native_mean	native_delta
Velos CID	base	3	2876.5555555555557	0	0.0	2344	0
Velos CID	pr65_auto	3	2876.5555555555557	0	0.0	2344	0
Velos CID	pr66_priors	3	2890.111111111111	13.555555555555555	0.4712426126926494	2344	0
Velos CID	pr68_cutoff	3	2876.5555555555557	0	0.0	2344	0
Velos CID	pr68_current	3	2876.5555555555557	0	0.0	2344	0
HF-X HCD	base	3	4383.333333333333	0	0.0	3877.6666666666665	0
HF-X HCD	pr65_auto	3	4231.666666666667	-151.66666666666666	-3.460076045627376	3880	2.3333333333333335
HF-X HCD	pr66_priors	3	4386.555555555556	3.222222222222222	0.07351077313054499	3877.6666666666665	0
HF-X HCD	pr68_cutoff	3	4383.333333333333	0	0.0	3877.6666666666665	0
HF-X HCD	pr68_current	3	4383.333333333333	0	0.0	3877.6666666666665	0
HF-X HCD	base_mass_cal	3	4206.666666666667	-176.66666666666669	-4.03041825095057	3846	-31.666666666666668
HF-X HCD	pr65_mass_cal	3	4217.0	10.333333333333334	0.24564183835182252	3279.6666666666665	-566.3333333333334
Astral HCD	base	3	2162.1111111111113	0	0.0	1626	0
Astral HCD	pr65_auto	3	2262.3333333333335	100.22222222222223	4.635387224420576	1954.6666666666667	328.6666666666667
Astral HCD	pr66_priors	3	2276.3333333333335	114.22222222222223	5.282902512976	1626	0
Astral HCD	pr68_cutoff	3	2162.1111111111113	0	0.0	1626	0
Astral HCD	pr68_current	3	2162.1111111111113	0	0.0	1626	0
Astral HCD	base_mass_cal	3	2296.5555555555557	134.44444444444446	6.218202374222725	2015.3333333333333	389.3333333333333
Astral HCD	pr65_mass_cal	3	2292.222222222222	-4.333333333333334	-0.18868837389327012	1443.6666666666667	-571.6666666666666
Lumos HCD LFQ	base	3	5479.444444444444	0	0.0	5339.333333333333	0
Lumos HCD LFQ	pr65_auto	3	5261.666666666667	-217.77777777777777	-3.97444996451384	5208	-131.33333333333334
Lumos HCD LFQ	pr66_priors	3	5481.333333333333	1.8888888888888888	0.03447227010037514	5339.333333333333	0
Lumos HCD LFQ	pr68_cutoff	3	5479.444444444444	0	0.0	5339.333333333333	0
Lumos HCD LFQ	pr68_current	3	5479.444444444444	0	0.0	5339.333333333333	0
Lumos HCD LFQ	base_mass_cal	3	5294.555555555556	-184.88888888888889	-3.3742269086484837	5242.666666666667	-96.66666666666667
Lumos HCD LFQ	pr65_mass_cal	3	5299.111111111111	4.555555555555555	0.08604226563975571	5082.333333333333	-160.33333333333334
Lumos CID TMT	base	3	2398.8888888888887	0	0.0	2102.3333333333335	0
Lumos CID TMT	pr65_auto	3	2398.8888888888887	0	0.0	2102.3333333333335	0
Lumos CID TMT	pr66_priors	3	2415.5555555555557	16.666666666666668	0.6947660954145437	2102.3333333333335	0
Lumos CID TMT	pr68_cutoff	3	2398.8888888888887	0	0.0	2102.3333333333335	0
Lumos CID TMT	pr68_current	3	2398.8888888888887	0	0.0	2102.3333333333335	0
Exploris 480 TMTpro	base	3	2247.4444444444443	0	0.0	1875.3333333333333	0
Exploris 480 TMTpro	pr65_auto	3	2285.6666666666665	38.22222222222222	1.7006970880506254	2050	174.66666666666666
Exploris 480 TMTpro	pr66_priors	3	2285.888888888889	38.44444444444444	1.7105848618183612	1875.3333333333333	0
Exploris 480 TMTpro	pr68_cutoff	3	2247.4444444444443	0	0.0	1875.3333333333333	0
Exploris 480 TMTpro	pr68_current	3	2247.4444444444443	0	0.0	1875.3333333333333	0
Exploris 480 TMTpro	base_mass_cal	3	2267.333333333333	19.88888888888889	0.8849557522123894	2082	206.66666666666666
Exploris 480 TMTpro	pr65_mass_cal	3	2270.4444444444443	3.1111111111111107	0.13721454474174263	1945	-137
timsTOF HT	base	2	1038.0	0	0.0	853.5	0
timsTOF HT	pr65_auto	2	1011.8333333333334	-26.166666666666668	-2.5208734746307004	849	-4.5
timsTOF HT	pr66_priors	2	1030.6666666666665	-7.333333333333334	-0.7064868336544639	853.5	0
timsTOF HT	pr68_cutoff	2	1038.0	0	0.0	853.5	0
timsTOF HT	pr68_current	2	1038.0	0	0.0	853.5	0
timsTOF HT	base_mass_cal	2	1003.8333333333333	-34.166666666666664	-3.291586384071933	859.5	6
timsTOF HT	pr65_mass_cal	2	1000.3333333333333	-3.499999999999999	-0.34866345674912824	900.5	41
