dataset	group	arm	seed_1	seed_42	seed_137	mean_psms	reference_arm	delta_mean	delta_pct	native_psms	native_delta	precursor_tolerance	fragment_tolerance	kernel	kernel_sd	kernel_shift	ion_prior_training_psms	ignored_parameters	pin_sha256	candidate_rows	search_seconds	max_rss_mib
velos_125_R1	Velos CID	base	2480	2505	2602	2529	base	0	0.0	1838	0	20.0	0.5					peptide:deduplicate	5b88919c89e8ea6c2cf67d106b68229c605a1ff0ed8da591cda732126bccbff2	79152	66.0	2542
velos_125_R1	Velos CID	pr68	2480	2505	2602	2529	base	0	0.0	1838	0	20.0	0.5					peptide:deduplicate	5b88919c89e8ea6c2cf67d106b68229c605a1ff0ed8da591cda732126bccbff2	79152	65.5	2666
velos_125_R1	Velos CID	pr66_priors	2442	2513	2616	2523.667	base	-5.333	-0.21	1838	0	20.0	0.5				1838	peptide:deduplicate	4170b02fcb10f958172f7a0e8e53d8f8c35594a57f526931560e7b2fda65516b	79152	94.6	2571
velos_125_R1	Velos CID	pr65_default	2480	2505	2602	2529	base	0	0.0	1838	0	20.0	0.5	configured	7.0	0.0		peptide:deduplicate	5b88919c89e8ea6c2cf67d106b68229c605a1ff0ed8da591cda732126bccbff2	79152	93.1	2604
velos_125_R1	Velos CID	pr10335	2939	2874	3012	2941.667	base	412.667	16.32	2421	583	20.0	0.5						a2e24c1adf0e39ffc5a55039ff9d3ba4eebe25449c94b21e826a69da1a5d83dc	79134	64.4	2636
velos_5000_R2	Velos CID	base	2718	2750	2708	2725.333	base	0.0	0.0	1921	0	20.0	0.5					peptide:deduplicate	006ee0e61fc640a37f32939752cbdbf53defec7951bccf1a431860fa890cbf67	77804	58.4	2542
velos_5000_R2	Velos CID	pr68	2718	2750	2708	2725.333	base	0.0	0.0	1921	0	20.0	0.5					peptide:deduplicate	006ee0e61fc640a37f32939752cbdbf53defec7951bccf1a431860fa890cbf67	77804	58.4	2768
velos_5000_R2	Velos CID	pr66_priors	2677	2706	2694	2692.333	base	-33.0	-1.21	1921	0	20.0	0.5				1925	peptide:deduplicate	66f8bbbfa4af2915ee443aed3fe75415087b8a533da26c3134c88daa3e302768	77804	56.6	2552
velos_5000_R2	Velos CID	pr65_default	2718	2750	2708	2725.333	base	0.0	0.0	1921	0	20.0	0.5	configured	7.0	0.0		peptide:deduplicate	006ee0e61fc640a37f32939752cbdbf53defec7951bccf1a431860fa890cbf67	77804	60.5	2548
velos_5000_R2	Velos CID	pr10335	2974	2981	2950	2968.333	base	243.0	8.92	2427	506	20.0	0.5						d19c8658ec428c02a47c9ee90b03c42a9a0b1a511965389a4f74f8a3930e25c1	77768	66.7	2479
velos_25000_R3	Velos CID	base	2529	2563	2548	2546.667	base	0.0	0.0	1828	0	20.0	0.5					peptide:deduplicate	34a59d5ddf972311a79b9cafda753a8542f1d8bd78ae9820f0fd5fe6e91401d0	73674	55.9	2762
velos_25000_R3	Velos CID	pr68	2529	2563	2548	2546.667	base	0.0	0.0	1828	0	20.0	0.5					peptide:deduplicate	34a59d5ddf972311a79b9cafda753a8542f1d8bd78ae9820f0fd5fe6e91401d0	73674	59.9	2813
velos_25000_R3	Velos CID	pr66_priors	2560	2553	2556	2556.333	base	9.667	0.38	1828	0	20.0	0.5				1828	peptide:deduplicate	fc641e4239f1498507e1ab5b232460c546bb3ddedc0e1b1e813fe72d3ebb6b5a	73674	59.0	2755
velos_25000_R3	Velos CID	pr65_default	2529	2563	2548	2546.667	base	0.0	0.0	1828	0	20.0	0.5	configured	7.0	0.0		peptide:deduplicate	34a59d5ddf972311a79b9cafda753a8542f1d8bd78ae9820f0fd5fe6e91401d0	73674	58.0	2884
velos_25000_R3	Velos CID	pr10335	2786	2853	2767	2802	base	255.333	10.03	2268	440	20.0	0.5						401982441b547c3574c97a4b9b47d0293bc471e1e8644297c21d5f4fcc3e3165	73620	72.2	2450
hfx_A2	HF-X HCD	base	4425	4524	4483	4477.333	base	0.0	0.0	3937	0	20.0	20.0					peptide:deduplicate	163c0c8e622b0dcf501122b606d0df37408ae2b00ea207734951ba952a5d0eab	31181	51.5	2726
hfx_A2	HF-X HCD	pr68	4425	4524	4483	4477.333	base	0.0	0.0	3937	0	20.0	20.0					peptide:deduplicate	163c0c8e622b0dcf501122b606d0df37408ae2b00ea207734951ba952a5d0eab	31181	34.3	2690
hfx_A2	HF-X HCD	pr66_priors	4458	4516	4499	4491	base	13.667	0.31	3937	0	20.0	20.0				3965	peptide:deduplicate	b7525600b483af6e3d7c0bd17058b51f588fb2e68d2d5cfed4796393b4853d03	31181	34.0	3006
hfx_A2	HF-X HCD	pr65_default	4249	4252	4307	4269.333	base	-208.0	-4.65	3927	-10	8.28608370928719	17.4023265838623	calibrated	3.603326991888014	-0.780718740988542		peptide:deduplicate	6039ff2fc3f59a7d18316572f4c0fb4328b79028f54b8145997ae95d72efb592	18234	34.2	3011
hfx_A2	HF-X HCD	pr65s_mass	4459	4516	4495	4490	base	12.667	0.28	3928	-9	20.0	20.0					peptide:deduplicate	da229d4af4352d8bf8c58ce85ca4ef506db5884c8de39b8833130b5cd8918112	31181	39.0	2943
hfx_A2	HF-X HCD	pr65s_mass_cal	4225	4268	4260	4251	base	-226.333	-5.06	3890	-47	8.28608370928719	15.337721824646					peptide:deduplicate	12d16c53985bd1961a76d3bc0b5605605318e533c32ee804af0f93f9e9209aee	15564	37.7	2690
hfx_A2	HF-X HCD	pr65_mass_cal	4228	4253	4275	4252	pr65s_mass_cal	1	0.02	3332	-558	8.28608370928719	15.337721824646	calibrated	3.374160892104178	-0.704455847038344		peptide:deduplicate	da19f6db7ca04465a7a014cc73ef340cc1dfcbf4efe84857aa5aefb291af6555	15564	32.7	2697
hfx_A2	HF-X HCD	pr10335	4434	4502	4520	4485.333	base	8.0	0.18	3937	0	20.0	20.0						90a11df590598f253a54b0fa6f22cf5840358cab7ee3534e7baa5d3327bc2fd1	29916	41.9	2607
hfx_B1	HF-X HCD	base	4267	4320	4265	4284	base	0	0.0	3809	0	20.0	20.0					peptide:deduplicate	cee2b97bfa3c1c37ba1b3ab3bd11d6e822934d7850dc137398eacc63cded9714	27067	32.6	2733
hfx_B1	HF-X HCD	pr68	4267	4320	4265	4284	base	0	0.0	3809	0	20.0	20.0					peptide:deduplicate	cee2b97bfa3c1c37ba1b3ab3bd11d6e822934d7850dc137398eacc63cded9714	27067	32.5	3057
hfx_B1	HF-X HCD	pr66_priors	4318	4376	4286	4326.667	base	42.667	1.0	3809	0	20.0	20.0				3818	peptide:deduplicate	8bad3a225768a364b59cb350202791aa29967cf2ead80c0eceb61340ef43fe28	27067	31.9	2877
hfx_B1	HF-X HCD	pr65_default	4217	4198	4226	4213.667	base	-70.333	-1.64	3869	60	15.5083110883818	17.0365772247314	calibrated	3.534144594700857	-0.903448159554298		peptide:deduplicate	6fac6168375d7453260e5e4d9312921d0730168d9d8cb82998b3de170d52fded	19582	32.4	3087
hfx_B1	HF-X HCD	pr65s_mass	4298	4341	4325	4321.333	base	37.333	0.87	3750	-59	20.0	20.0					peptide:deduplicate	3ea0fb020aaf955b17654c4bf3bcf9c92f375020945a41faecf0268b5fc8621e	27067	33.5	2900
hfx_B1	HF-X HCD	pr65s_mass_cal	4219	4226	4192	4212.333	base	-71.667	-1.67	3749	-60	15.5083110883818	16.0663433074951					peptide:deduplicate	5cb1487ef87913d50f0a5a262ff1041b32c69a59d4b1ec8bc136a51cec993661	18071	35.3	2697
hfx_B1	HF-X HCD	pr65_mass_cal	4198	4180	4144	4174	pr65s_mass_cal	-38.333	-0.91	3214	-535	15.5083110883818	16.0663433074951	calibrated	3.32768656318918	-0.862430136342333		peptide:deduplicate	54d935b89072e3fb17d7c291009ff42583e9483f4abf28fbb7e6649604d4a87b	18071	31.9	2760
hfx_B1	HF-X HCD	pr10335	4326	4344	4260	4310	base	26	0.61	3809	0	20.0	20.0						fb6431af875a187e3fea10280270b249db445a4ca30a2c6de015b11bd8154c16	25793	43.1	2884
hfx_B3	HF-X HCD	base	4373	4337	4429	4379.667	base	0.0	0.0	3946	0	20.0	20.0					peptide:deduplicate	cc32de4bf7eaea515208bfe4bcff74a87209bdd0d885bc9dfb6d13c0571ae8de	30620	33.8	2689
hfx_B3	HF-X HCD	pr68	4373	4337	4429	4379.667	base	0.0	0.0	3946	0	20.0	20.0					peptide:deduplicate	cc32de4bf7eaea515208bfe4bcff74a87209bdd0d885bc9dfb6d13c0571ae8de	30620	34.5	2985
hfx_B3	HF-X HCD	pr66_priors	4380	4337	4372	4363	base	-16.667	-0.38	3946	0	20.0	20.0				3952	peptide:deduplicate	b4fe9f71525f478ae3dfbaaf7930dc6a338dba873ea68a8f844fb559cd280f47	30620	35.5	2974
hfx_B3	HF-X HCD	pr65_default	4228	4224	4207	4219.667	base	-160.0	-3.65	3885	-61	12.6557856136465	17.7290420532227	calibrated	3.729762359934828	-0.964087278072787		peptide:deduplicate	f7f4adc73801f4aa0e08e22c54d3a0c4464f0bf0ce705130b8ff937031566261	20129	33.2	3041
hfx_B3	HF-X HCD	pr65s_mass	4379	4391	4353	4374.333	base	-5.333	-0.12	3976	30	20.0	20.0					peptide:deduplicate	e942fff100127af41adde18a8df3966b4b23431838ca9525b59ea38f33890a65	30620	37.0	3076
hfx_B3	HF-X HCD	pr65s_mass_cal	4272	4273	4298	4281	base	-98.667	-2.25	3943	-3	12.6557856136465	16.2720890045166					peptide:deduplicate	7d7ef9a61dac895fb22b8d06ab44b318efc18c2f7268590f0089090dd131db52	18307	37.4	2929
hfx_B3	HF-X HCD	pr65_mass_cal	4335	4287	4323	4315	pr65s_mass_cal	34	0.79	3342	-601	12.6557856136465	16.2720890045166	calibrated	3.53717172835958	-0.915572718996274		peptide:deduplicate	251b85953cc8f372e7453688942f9bcdcd9eca52cde2dab7014f452e08b9121a	18307	33.2	2704
hfx_B3	HF-X HCD	pr10335	4364	4332	4432	4376	base	-3.667	-0.08	3946	0	20.0	20.0						ac4ca0cb47ae2104721903871eaf2fa2a845434e5b743ff7f1956bfc743844e4	29386	41.8	2872
astral_A2	Astral HCD	base	1910	1983	1973	1955.333	base	0.0	0.0	1469	0	20.0	20.0					peptide:deduplicate	097bf6a7ebb420620fa803e1f74be13d4187104d36ccf0d14d4a2ae715365db5	34165	37.6	2806
astral_A2	Astral HCD	pr68	1910	1983	1973	1955.333	base	0.0	0.0	1469	0	20.0	20.0					peptide:deduplicate	097bf6a7ebb420620fa803e1f74be13d4187104d36ccf0d14d4a2ae715365db5	34165	39.2	2792
astral_A2	Astral HCD	pr66_priors	2101	2077	2079	2085.667	base	130.333	6.67	1469	0	20.0	20.0				1469	peptide:deduplicate	5ea46b7c627d8b365d418ef6cb8207e898ed30b64dd7e2ba26ceae45f70f51f4	34165	36.4	2795
astral_A2	Astral HCD	pr65_default	2070	2101	2051	2074	base	118.667	6.07	1841	372	19.8417967314562	15.0132617950439	calibrated	2.123179407824141	-2.673097811785814		peptide:deduplicate	90488337e94e3b00a0ac547be3747fc8a98bb3ad92626f15be3f0a9dfa15cce3	21978	38.0	2967
astral_A2	Astral HCD	pr65s_mass	1951	2055	2042	2016	base	60.667	3.1	1832	363	20.0	20.0					peptide:deduplicate	04fb40c587916162d6633799c6cd685366fbf424700c7001a593126cbdbb4a1f	34165	39.3	2816
astral_A2	Astral HCD	pr65s_mass_cal	2007	2002	2103	2037.333	base	82.0	4.19	1811	342	19.8417967314562	14.5984268188477					peptide:deduplicate	00a921a8b4a085f55a334be43d5d46ee6bacedb261878ec2f5e76843a89fc04a	20935	40.1	2792
astral_A2	Astral HCD	pr65_mass_cal	2110	1925	1943	1992.667	pr65s_mass_cal	-44.667	-2.19	1530	-281	19.8417967314562	14.5984268188477	calibrated	2.062783860301229	-2.639416204099072		peptide:deduplicate	9ceb2e1b8e50af68cd14e59bc24a1dba861b00c99f2e0ff8ed3ae4a75298987d	20935	38.9	2909
astral_A2	Astral HCD	pr10335	2019	1963	1944	1975.333	base	20.0	1.02	1469	0	20.0	20.0						62daf08fa6b4d02e7cbe835ed1c3ca12becc932dc6d0f99c5223bea56ce5da4c	33146	46.8	2824
astral_B1	Astral HCD	base	2412	2321	2386	2373	base	0	0.0	1756	0	20.0	20.0					peptide:deduplicate	6b9a6464e4e13414ccbe9b5a9651c607ee40cf3404814fe80e26b8b9057fc2fa	37040	36.5	3213
astral_B1	Astral HCD	pr68	2412	2321	2386	2373	base	0	0.0	1756	0	20.0	20.0					peptide:deduplicate	6b9a6464e4e13414ccbe9b5a9651c607ee40cf3404814fe80e26b8b9057fc2fa	37040	39.2	2939
astral_B1	Astral HCD	pr66_priors	2452	2401	2418	2423.667	base	50.667	2.14	1756	0	20.0	20.0				1774	peptide:deduplicate	9698f9845f14675f393a185f3c6ef797061f4eaf78bacd02b75e1b8ba93460e4	37040	35.9	2991
astral_B1	Astral HCD	pr65_default	2419	2414	2422	2418.333	base	45.333	1.91	1982	226	17.5524829882893	13.5268306732178	calibrated	1.856342192368921	-2.2423178576943		peptide:deduplicate	18a8493219f4ddbe4f625e22563112c436abc2b86c25f20c7c4e199b91f50b10	18964	35.4	2803
astral_B1	Astral HCD	pr65s_mass	2358	2439	2338	2378.333	base	5.333	0.22	2169	413	20.0	20.0					peptide:deduplicate	1af22f1427004e7cd3bad3b7c48510f7ecdb97a79adc18c030a5b1e15cb18fa7	37040	41.0	3143
astral_B1	Astral HCD	pr65s_mass_cal	2345	2468	2378	2397	base	24	1.01	2083	327	17.5524829882893	13.1755304336548					peptide:deduplicate	5f713160e16aa327c1126bc6395ebf7cc188d9cb99ca5b5bc735725964d28034	18093	41.9	2809
astral_B1	Astral HCD	pr65_mass_cal	2336	2371	2389	2365.333	pr65s_mass_cal	-31.667	-1.32	1449	-634	17.5524829882893	13.1755304336548	calibrated	1.811216346966405	-2.21622201042147		peptide:deduplicate	65e038ccb2382f3bb9f3fdcf770d95f844d32ad82260fc61c0eb3930c4b83cf3	18093	37.0	2884
astral_B1	Astral HCD	pr10335	2371	2280	2326	2325.667	base	-47.333	-1.99	1756	0	20.0	20.0						94b4e9779708769db4d4d0d6d6df62ab1b07cc68aa9ee952ada2b0c6db457cfc	36129	46.6	2692
astral_B3	Astral HCD	base	2247	2246	2228	2240.333	base	0.0	0.0	1676	0	20.0	20.0					peptide:deduplicate	b3fc3542faf7edc63c260c517ecf9d5b1154a45dfa6664a5aaf3a140dcd7ad65	36874	36.6	2811
astral_B3	Astral HCD	pr68	2247	2246	2228	2240.333	base	0.0	0.0	1676	0	20.0	20.0					peptide:deduplicate	b3fc3542faf7edc63c260c517ecf9d5b1154a45dfa6664a5aaf3a140dcd7ad65	36874	38.0	2796
astral_B3	Astral HCD	pr66_priors	2385	2270	2430	2361.667	base	121.333	5.42	1676	0	20.0	20.0				1676	peptide:deduplicate	d820e9c28f8d742f7abe5dbf4fe56ed0c165e95314e0337be5c75e5f828756a8	36874	37.7	2811
astral_B3	Astral HCD	pr65_default	2362	2438	2433	2411	base	170.667	7.62	2071	395	18.4192354547984	12.716010093689	calibrated	1.794734572024251	-2.127813094711531		peptide:deduplicate	ece6cf40f3e09ab952c24ab721e1b95495fa647ab6ff54b1a3b1b5e3f71e2edf	17113	41.3	2850
astral_B3	Astral HCD	pr65s_mass	2466	2419	2451	2445.333	base	205.0	9.15	2151	475	20.0	20.0					peptide:deduplicate	dc6ef0d420952956bfc489a9fe17f6c47c9e190ec39431a6127c9af2758387ff	36874	48.8	3216
astral_B3	Astral HCD	pr65s_mass_cal	2403	2390	2465	2419.333	base	179.0	7.99	2181	505	18.4192354547984	12.5474987030029					peptide:deduplicate	b68a147cf03628b5597fe3280e48dcced6b031920b5a74363bec87862b15a9bc	16691	49.6	3167
astral_B3	Astral HCD	pr65_mass_cal	2440	2387	2416	2414.333	pr65s_mass_cal	-5.0	-0.21	1364	-817	18.4192354547984	12.5474987030029	calibrated	1.75735764632013	-2.124472609326311		peptide:deduplicate	becd91629f845407b5cd15e3458d5237a520eb72b07d1867795049d68fc0dc90	16691	46.9	2809
astral_B3	Astral HCD	pr10335	2256	2204	2314	2258	base	17.667	0.79	1676	0	20.0	20.0						ae869a88e185bf68df915fe91740a73bb12106fd2fb1d9dd46307bee58f74786	36045	59.4	2939
lumos_lfq_5192	Lumos HCD LFQ	base	5505	5484	5511	5500	base	0	0.0	5418	0	20.0	20.0					peptide:deduplicate	020654901cc79816e6498eca7e31c7df675414027e19ddb83e58d2539d4d4a2b	39422	30.8	2764
lumos_lfq_5192	Lumos HCD LFQ	pr68	5505	5484	5511	5500	base	0	0.0	5418	0	20.0	20.0					peptide:deduplicate	020654901cc79816e6498eca7e31c7df675414027e19ddb83e58d2539d4d4a2b	39422	32.8	2473
lumos_lfq_5192	Lumos HCD LFQ	pr66_priors	5486	5476	5512	5491.333	base	-8.667	-0.16	5418	0	20.0	20.0				5423	peptide:deduplicate	4644661bd03df667a2500303d37854da9abe3056f33549ca291348cc67b4436f	39422	31.6	2818
lumos_lfq_5192	Lumos HCD LFQ	pr65_default	5091	5097	5091	5093	base	-407	-7.4	5069	-349	3.49985000699112	15.502739906311	calibrated	3.259894493657422	0.562185740914831		peptide:deduplicate	4075f51c0dd8a84614bbf959429696a2db50559de05fa3f8fd6c801a35e42a8c	13349	29.3	2725
lumos_lfq_5192	Lumos HCD LFQ	pr65s_mass	5484	5481	5482	5482.333	base	-17.667	-0.32	5386	-32	20.0	20.0					peptide:deduplicate	ec710bfa5592912735fffa0f927dd5dbfbafe01b6f071d50a9d367c5f482a29d	39422	39.3	2493
lumos_lfq_5192	Lumos HCD LFQ	pr65s_mass_cal	5211	5198	5189	5199.333	base	-300.667	-5.47	5122	-296	13.5962657053975	14.9009733200073					peptide:deduplicate	5266e7adc4224c54211f259da39974eba79a2de3efa64c1b1b41b4e6856bda6b	18966	37.2	2743
lumos_lfq_5192	Lumos HCD LFQ	pr65_mass_cal	5190	5202	5165	5185.667	pr65s_mass_cal	-13.667	-0.26	4953	-169	13.5962657053975	14.9009733200073	calibrated	3.105658461915962	0.567734968096582		peptide:deduplicate	8b7ff1f782c7914eb18390da9c1a10dab1875326b60a17fe7b1796a96897e99f	18966	31.0	2590
lumos_lfq_5192	Lumos HCD LFQ	pr10335	5501	5511	5500	5504	base	4	0.07	5418	0	20.0	20.0						4edfcfdee553df3298909628ad10266621ae65d276a2f37d1d7e14512e5661b8	38076	40.6	2634
lumos_lfq_5194	Lumos HCD LFQ	base	5481	5464	5465	5470	base	0	0.0	5304	0	20.0	20.0					peptide:deduplicate	e46f6bb1961f82467c83645082342276256338ccd0afa482bac6668d2bbe6092	40556	31.3	2464
lumos_lfq_5194	Lumos HCD LFQ	pr68	5481	5464	5465	5470	base	0	0.0	5304	0	20.0	20.0					peptide:deduplicate	e46f6bb1961f82467c83645082342276256338ccd0afa482bac6668d2bbe6092	40556	31.5	2780
lumos_lfq_5194	Lumos HCD LFQ	pr66_priors	5456	5459	5464	5459.667	base	-10.333	-0.19	5304	0	20.0	20.0				5304	peptide:deduplicate	d9f205ce26c5837b8772fe036674e304298079da15f03ea4acc656574e327eb2	40556	32.6	2586
lumos_lfq_5194	Lumos HCD LFQ	pr65_default	5293	5293	5296	5294	base	-176	-3.22	5251	-53	13.1343835440399	16.4764080047607	calibrated	3.139376589864011	1.20755313586572		peptide:deduplicate	a121d3f00014e7767e84652b99b6135bcbd039b05621d60d1c72874855d33fce	23762	31.0	2577
lumos_lfq_5194	Lumos HCD LFQ	pr65s_mass	5465	5467	5446	5459.333	base	-10.667	-0.2	5396	92	20.0	20.0					peptide:deduplicate	38d88e8c8affd8bff8f03cdde0e8808a115f3f0dbf424e290b1e70a72d370144	40556	33.1	2628
lumos_lfq_5194	Lumos HCD LFQ	pr65s_mass_cal	5338	5326	5323	5329	base	-141	-2.58	5294	-10	13.1343835440399	15.4011583328247					peptide:deduplicate	f79a23b1f972e93e3ab905d0e11a88074c4287aae7a5456276b7f199b8d8f462	22388	34.3	2742
lumos_lfq_5194	Lumos HCD LFQ	pr65_mass_cal	5317	5329	5328	5324.667	pr65s_mass_cal	-4.333	-0.08	5123	-171	13.1343835440399	15.4011583328247	calibrated	2.890354993130333	1.159105146209324		peptide:deduplicate	bff966b86e326fcea19fd8d4c9ae996fbc03199d32b0e526e91f891d48c97c3b	22388	30.2	2741
lumos_lfq_5194	Lumos HCD LFQ	pr10335	5478	5482	5484	5481.333	base	11.333	0.21	5304	0	20.0	20.0						af82835c480c729cebf71ee2cfc3467c3f1907b540f113f9cf8a77463c51e3ca	39440	43.7	2629
lumos_lfq_5199	Lumos HCD LFQ	base	5511	5515	5529	5518.333	base	0.0	0.0	5384	0	20.0	20.0					peptide:deduplicate	1864e06d91391241876459c38907b0ae17ab06975518cb0e5affdbbcb86e6fe4	41381	32.2	2498
lumos_lfq_5199	Lumos HCD LFQ	pr68	5511	5515	5529	5518.333	base	0.0	0.0	5384	0	20.0	20.0					peptide:deduplicate	1864e06d91391241876459c38907b0ae17ab06975518cb0e5affdbbcb86e6fe4	41381	32.1	2503
lumos_lfq_5199	Lumos HCD LFQ	pr66_priors	5518	5504	5535	5519	base	0.667	0.01	5384	0	20.0	20.0				5410	peptide:deduplicate	4823e4e7e8c447608e00f2eee8fca885169ac938ad8b881ced1f86f7e2c6c657	41381	32.9	2496
lumos_lfq_5199	Lumos HCD LFQ	pr65_default	5414	5411	5422	5415.667	base	-102.667	-1.86	5359	-25	18.1725769443734	15.6690540313721	calibrated	3.289655113153791	0.626385389112693		peptide:deduplicate	a9a9be7b0ed3cb70a8757537bb164ff7648802bdadcd0c5c4eda09032f988d56	27531	31.0	2800
lumos_lfq_5199	Lumos HCD LFQ	pr65s_mass	5522	5511	5536	5523	base	4.667	0.08	5436	52	20.0	20.0					peptide:deduplicate	80821aab8dae6c42acd4a09814aa3ae9904ce0e4d9f6de1ae950b55edd9f816b	41381	33.8	2485
lumos_lfq_5199	Lumos HCD LFQ	pr65s_mass_cal	5395	5422	5417	5411.333	base	-107.0	-1.94	5368	-16	18.1725769443734	14.7265100479126					peptide:deduplicate	4eb16442db8cbc4f27cb70b8d4a8b3d84bad7392d5f38fb8cc2bd78a68dc2b0a	25437	34.6	2640
lumos_lfq_5199	Lumos HCD LFQ	pr65_mass_cal	5421	5418	5416	5418.333	pr65s_mass_cal	7.0	0.13	5224	-144	18.1725769443734	14.7265100479126	calibrated	3.117204532116037	0.600929752761255		peptide:deduplicate	b542b0239f5446adaf66b1481d5eb6981b039652a3d8532a72fe0c6422a4757e	25437	32.2	2833
lumos_lfq_5199	Lumos HCD LFQ	pr10335	5513	5506	5527	5515.333	base	-3.0	-0.05	5384	0	20.0	20.0						4bf58df197fa7d7905be30bffcd71c506225ea6fa219aefbbbde83bcfbee0f67	40089	44.1	2437
lumos_tmt_5058	Lumos CID TMT	base	2215	2292	2248	2251.667	base	0.0	0.0	1747	0	20.0	0.5					peptide:deduplicate	1c2a7c467d1f12816c87e842cc8e50ab02426ed55e4a2125816f5a6cbd645395	73092	44.8	2303
lumos_tmt_5058	Lumos CID TMT	pr68	2215	2292	2248	2251.667	base	0.0	0.0	1747	0	20.0	0.5					peptide:deduplicate	1c2a7c467d1f12816c87e842cc8e50ab02426ed55e4a2125816f5a6cbd645395	73092	42.9	2280
lumos_tmt_5058	Lumos CID TMT	pr66_priors	2251	2302	2288	2280.333	base	28.667	1.27	1747	0	20.0	0.5				1779	peptide:deduplicate	5e7d6f1b7117d299e41cfdf36a78b081193d86ac2fe67c12dfb5ffda0a7fd371	73092	45.1	2332
lumos_tmt_5058	Lumos CID TMT	pr65_default	2215	2292	2248	2251.667	base	0.0	0.0	1747	0	20.0	0.5	configured	7.0	0.0		peptide:deduplicate	1c2a7c467d1f12816c87e842cc8e50ab02426ed55e4a2125816f5a6cbd645395	73092	40.1	2293
lumos_tmt_5058	Lumos CID TMT	pr10335	2290	2304	2261	2285	base	33.333	1.48	2041	294	20.0	0.5						25a1286bf23cbcb98fd0e65f2dc5689b60e4309dfe7ae9197030fce29acfa081	72943	53.3	2206
lumos_tmt_5059	Lumos CID TMT	base	2289	2349	2376	2338	base	0	0.0	1848	0	20.0	0.5					peptide:deduplicate	ab2c9f62d458fca174a2356ea8f54320aeb231791a7e5060624ed954f410a607	72326	44.9	2281
lumos_tmt_5059	Lumos CID TMT	pr68	2289	2349	2376	2338	base	0	0.0	1848	0	20.0	0.5					peptide:deduplicate	ab2c9f62d458fca174a2356ea8f54320aeb231791a7e5060624ed954f410a607	72326	43.0	2318
lumos_tmt_5059	Lumos CID TMT	pr66_priors	2309	2436	2349	2364.667	base	26.667	1.14	1848	0	20.0	0.5				1923	peptide:deduplicate	c4d0cde419b3baeeb7bd74323c503279eb9151b06584fbba8f51f3674319a680	72326	41.8	2282
lumos_tmt_5059	Lumos CID TMT	pr65_default	2289	2349	2376	2338	base	0	0.0	1848	0	20.0	0.5	configured	7.0	0.0		peptide:deduplicate	ab2c9f62d458fca174a2356ea8f54320aeb231791a7e5060624ed954f410a607	72326	43.3	2282
lumos_tmt_5059	Lumos CID TMT	pr10335	2375	2376	2411	2387.333	base	49.333	2.11	2016	168	20.0	0.5						6acda1fbca7cc83d14d8ca06fee19527fc6a13494f4abf8f1a447e3a0c35ee8e	72182	49.2	2207
lumos_tmt_5066	Lumos CID TMT	base	2386	2407	2384	2392.333	base	0.0	0.0	1989	0	20.0	0.5					peptide:deduplicate	74699dd3e2968496eb2c90c61f37f7f3384c854ec9634713e869da503899a1ea	74071	43.9	2281
lumos_tmt_5066	Lumos CID TMT	pr68	2386	2407	2384	2392.333	base	0.0	0.0	1989	0	20.0	0.5					peptide:deduplicate	74699dd3e2968496eb2c90c61f37f7f3384c854ec9634713e869da503899a1ea	74071	45.8	2281
lumos_tmt_5066	Lumos CID TMT	pr66_priors	2408	2391	2405	2401.333	base	9.0	0.38	1989	0	20.0	0.5				2021	peptide:deduplicate	559101673dab6d77c7da18b2e6e553ce33ab3348e50b9a7afa811919174bc07e	74071	43.9	2281
lumos_tmt_5066	Lumos CID TMT	pr65_default	2386	2407	2384	2392.333	base	0.0	0.0	1989	0	20.0	0.5	configured	7.0	0.0		peptide:deduplicate	74699dd3e2968496eb2c90c61f37f7f3384c854ec9634713e869da503899a1ea	74071	45.0	2287
lumos_tmt_5066	Lumos CID TMT	pr10335	2528	2518	2520	2522	base	129.667	5.42	2263	274	20.0	0.5						b9dbd854988f246678560e72253a255ddbfa6a182259eb2b06d6bb620594470c	73938	51.8	2206
eclipse_tmtpro_10855	Exploris 480 TMTpro	base	2405	2407	2443	2418.333	base	0.0	0.0	2003	0	50.0	20.0					peptide:deduplicate	29cf5bf6142ee4876e1b017047255eaf6696e1a6331300be45fa51f093e8eb6c	28858	19.3	1734
eclipse_tmtpro_10855	Exploris 480 TMTpro	pr68	2405	2407	2443	2418.333	base	0.0	0.0	2003	0	50.0	20.0					peptide:deduplicate	29cf5bf6142ee4876e1b017047255eaf6696e1a6331300be45fa51f093e8eb6c	28858	25.7	1699
eclipse_tmtpro_10855	Exploris 480 TMTpro	pr66_priors	2410	2453	2433	2432	base	13.667	0.57	2003	0	50.0	20.0				2003	peptide:deduplicate	3c2fea0fc263725feefb476eb2551abee31f87d43f276ae8c84643ac76f67410	28858	26.7	1743
eclipse_tmtpro_10855	Exploris 480 TMTpro	pr65_default	2384	2424	2415	2407.667	base	-10.667	-0.44	2222	219	48.3345506759784	12.214038848877	calibrated	2.780261574877524	0.883923947368315		peptide:deduplicate	0f74ecaca1a2b435086b177fe278f3abde459478cc868d6b8fc18acf9888f824	15399	23.5	1724
eclipse_tmtpro_10855	Exploris 480 TMTpro	pr65s_mass	2426	2385	2380	2397	base	-21.333	-0.88	2226	223	50.0	20.0					peptide:deduplicate	619a3d529575a400d5ed77fa31085aba17b5faf127f88cb811573ccbec6552b3	28858	26.6	1699
eclipse_tmtpro_10855	Exploris 480 TMTpro	pr65s_mass_cal	2404	2381	2440	2408.333	base	-10.0	-0.41	2235	232	48.3345506759784	11.8541021347046					peptide:deduplicate	90bd19a4e1e531f5e3b3f3051baf4ea1b1b96a1f51a0383da1e921a6f7f10cf2	14767	21.9	1710
eclipse_tmtpro_10855	Exploris 480 TMTpro	pr65_mass_cal	2402	2424	2437	2421	pr65s_mass_cal	12.667	0.53	2062	-173	48.3345506759784	11.8541021347046	calibrated	2.75401201133996	0.877519456566558		peptide:deduplicate	ee7b89389117262e01d4c74461493ba40691f5f2f69f7bee863f359642a93b65	14767	22.2	1701
eclipse_tmtpro_10855	Exploris 480 TMTpro	pr10335	2426	2370	2403	2399.667	base	-18.667	-0.77	2003	0	50.0	20.0						2b718fb52413b6fa162290201e4ee8a05f9ce58090e2e5c71d8cb2cd091496fd	28035	30.1	1712
eclipse_tmtpro_10858	Exploris 480 TMTpro	base	2169	2124	2104	2132.333	base	0.0	0.0	1786	0	50.0	20.0					peptide:deduplicate	f0d664e04732c47cfb4afad39d44a711278817f2ea898776e860f2514babb020	25278	24.2	1705
eclipse_tmtpro_10858	Exploris 480 TMTpro	pr68	2169	2124	2104	2132.333	base	0.0	0.0	1786	0	50.0	20.0					peptide:deduplicate	f0d664e04732c47cfb4afad39d44a711278817f2ea898776e860f2514babb020	25278	23.1	1696
eclipse_tmtpro_10858	Exploris 480 TMTpro	pr66_priors	2179	2155	2105	2146.333	base	14.0	0.66	1786	0	50.0	20.0				1801	peptide:deduplicate	ef009c90d919097a527c645556d3f7ffe2d529f2af617cd1c6677d23080b309a	25278	25.1	1710
eclipse_tmtpro_10858	Exploris 480 TMTpro	pr65_default	2186	2222	2193	2200.333	base	68.0	3.19	1931	145	47.6503075362933	11.6056833267212	calibrated	2.813366527685357	0.179609396977445		peptide:deduplicate	011437d0a5c1797de9a78b16b5793c23235dfc33a1de26a5ee7f95d29a2c3e48	12741	21.4	1718
eclipse_tmtpro_10858	Exploris 480 TMTpro	pr65s_mass	2152	2137	2085	2124.667	base	-7.667	-0.36	2023	237	50.0	20.0					peptide:deduplicate	58833a9d28d8ddf05badb9054615176b2aa53c645cee620ca847464daebb5dda	25278	23.3	1694
eclipse_tmtpro_10858	Exploris 480 TMTpro	pr65s_mass_cal	2170	2178	2218	2188.667	base	56.333	2.64	1988	202	41.8522682575443	11.2212905883789					peptide:deduplicate	f7fd7045d8b4c2ac04ab84fc893f6f5a1c555d15777d4bbff0022f6076e7f82c	10441	21.2	1743
eclipse_tmtpro_10858	Exploris 480 TMTpro	pr65_mass_cal	2230	2219	2228	2225.667	pr65s_mass_cal	37.0	1.69	1856	-132	41.8522682575443	11.2212905883789	calibrated	2.707326513861934	0.10550509770946		peptide:deduplicate	82938376c15f336cb307ca387232a6a785ce4aa3b6bd9815a70093343192b1d7	10441	22.0	1738
eclipse_tmtpro_10858	Exploris 480 TMTpro	pr10335	2133	2132	2154	2139.667	base	7.333	0.34	1786	0	50.0	20.0						d3fb04765a8dc11894bc0b5cc675b2bdee30adb33aa0e5e9bed6a72b7f686114	24566	30.5	1631
eclipse_tmtpro_10863	Exploris 480 TMTpro	base	2180	2152	2220	2184	base	0	0.0	1849	0	50.0	20.0					peptide:deduplicate	16e8e062d276d67f517019e3b8d3eeaf3d0f38d60288fe81696070e99064542c	26213	21.9	1741
eclipse_tmtpro_10863	Exploris 480 TMTpro	pr68	2180	2152	2220	2184	base	0	0.0	1849	0	50.0	20.0					peptide:deduplicate	16e8e062d276d67f517019e3b8d3eeaf3d0f38d60288fe81696070e99064542c	26213	23.0	1728
eclipse_tmtpro_10863	Exploris 480 TMTpro	pr66_priors	2262	2301	2262	2275	base	91	4.17	1849	0	50.0	20.0				1849	peptide:deduplicate	e5ba5a43e1aae52b74e790689d87ae921db53ca3b5b37fe15139cf774105a34b	26213	21.9	1707
eclipse_tmtpro_10863	Exploris 480 TMTpro	pr65_default	2181	2173	2149	2167.667	base	-16.333	-0.75	2008	159	36.3567604566458	12.1455383300781	calibrated	2.74821399108727	0.910554574422699		peptide:deduplicate	ae0423c1b1a06e15a10348122c67a11612a99d06ceffd935dcde65cf7fdf041b	10963	20.9	1697
eclipse_tmtpro_10863	Exploris 480 TMTpro	pr65s_mass	2201	2208	2216	2208.333	base	24.333	1.11	2083	234	50.0	20.0					peptide:deduplicate	6261a56790ca2399bfade40afd2c77716e014d53dd488f1bdeb0e8fe60b54362	26213	25.4	1800
eclipse_tmtpro_10863	Exploris 480 TMTpro	pr65s_mass_cal	2174	2140	2196	2170	base	-14	-0.64	2035	186	36.3567604566458	11.7924385070801					peptide:deduplicate	09753d9f91e0162195743b04e0462810d1151a5e8fe3567bc00fe0dc292be6ad	10573	25.7	1724
eclipse_tmtpro_10863	Exploris 480 TMTpro	pr65_mass_cal	2151	2147	2212	2170	pr65s_mass_cal	0	0.0	1935	-100	36.3567604566458	11.7924385070801	calibrated	2.66220735342729	0.936242724109401		peptide:deduplicate	b508663848b89981c689524bdba35e910dc5960f39f7b43dd204de0118e22c81	10573	22.6	1775
eclipse_tmtpro_10863	Exploris 480 TMTpro	pr10335	2233	2139	2273	2215	base	31	1.42	1849	0	50.0	20.0						6243d4f5be07c172a229dcab00cf51baf471f8c156552b05975de18692cefbd2	25416	34.5	1633
tims_plasma_30min	timsTOF HT	base	1015	1050	1026	1030.333	base	0.0	0.0	842	0	20.0	20.0					peptide:deduplicate	ec547aa1d90cb0e00ebdf27111670a19c23264cad9c4895b0848b90dd192329a	21588	32.3	2140
tims_plasma_30min	timsTOF HT	pr68	1015	1050	1026	1030.333	base	0.0	0.0	842	0	20.0	20.0					peptide:deduplicate	ec547aa1d90cb0e00ebdf27111670a19c23264cad9c4895b0848b90dd192329a	21588	32.1	2153
tims_plasma_30min	timsTOF HT	pr66_priors	1067	989	1058	1038	base	7.667	0.74	842	0	20.0	20.0				842	peptide:deduplicate	30e2910283329b9e26f0797acf9654a81d8e89363858d2f9b88399ce28d30f22	21588	33.6	2237
tims_plasma_30min	timsTOF HT	pr65_default	1030	1028	1039	1032.333	base	2.0	0.19	836	-6	19.6677078157767	20.0	calibrated	6.248679085800813	1.94555371111595		peptide:deduplicate	6d8adc11f267f0fbc590b09751e68186cca59d5e8f35b6aff0dfab16328f3b67	20984	34.4	2096
tims_plasma_30min	timsTOF HT	pr65s_mass	1054	1019	1026	1033	base	2.667	0.26	890	48	20.0	20.0					peptide:deduplicate	f1d83aa5e311d4e7067b455299f77203f4133610e3e562c195f25e7973abab7e	21588	33.1	2258
tims_plasma_30min	timsTOF HT	pr65s_mass_cal	985	1022	1017	1008	base	-22.333	-2.17	884	42	14.6457034626628	20.0					peptide:deduplicate	a33c34d5fc1c437a398aa8ae79cb6141aea729abbf76a0ac85558b4b590faef4	19478	33.1	2328
tims_plasma_30min	timsTOF HT	pr65_mass_cal	994	1003	1028	1008.333	pr65s_mass_cal	0.333	0.03	884	0	14.6457034626628	20.0	calibrated	5.702679076653189	1.359635853027463		peptide:deduplicate	30b35f17374c53d4016805f5936102db42fc1814dcead88a3d2b1c6a3b30e652	19478	26.2	1981
tims_plasma_30min	timsTOF HT	pr10335	1035	1019	1038	1030.667	base	0.333	0.03	842	0	20.0	20.0						9194a8863eeae8d20dfdcfcf2f0e39eb425a2116e1f4011d9326fb7d24ad1b28	21064	33.6	2215
tims_plasma_50min	timsTOF HT	base	1028	991	980	999.667	base	0.0	0.0	866	0	20.0	20.0					peptide:deduplicate	3a975fb5b571eba77656a0fd4dfbe23dad04bc140c3df98b37a79088780b03d0	18225	26.3	2002
tims_plasma_50min	timsTOF HT	pr68	1028	991	980	999.667	base	0.0	0.0	866	0	20.0	20.0					peptide:deduplicate	3a975fb5b571eba77656a0fd4dfbe23dad04bc140c3df98b37a79088780b03d0	18225	28.9	2037
tims_plasma_50min	timsTOF HT	pr66_priors	1055	1018	1046	1039.667	base	40.0	4.0	866	0	20.0	20.0				866	peptide:deduplicate	9ab9f8f115c947be4e37b05ce15c8251eee586b09399ebf4f35f33aef7d50dc8	18225	24.4	2028
tims_plasma_50min	timsTOF HT	pr65_default	1018	1015	1008	1013.667	base	14.0	1.4	863	-3	18.46658298723	20.0	calibrated	7.906488430998607	3.115227661705303		peptide:deduplicate	5f53e98c7c4e95c7715f7abcbfe4138d0dce5787fb612ec4a609c76f7cb7d3c7	17169	30.1	2158
tims_plasma_50min	timsTOF HT	pr65s_mass	1040	971	1018	1009.667	base	10.0	1.0	839	-27	20.0	20.0					peptide:deduplicate	08435e663ec2bd95ffd8de4858e006aae152770137ddea85de841d10b61d949a	18225	26.1	1981
tims_plasma_50min	timsTOF HT	pr65s_mass_cal	1024	1064	1047	1045	base	45.333	4.53	837	-29	19.7165366614587	20.0					peptide:deduplicate	e7b774482fcee1b46e90092b44c7a71c64385547538bccc1c9987297e83e8667	17388	30.7	2230
tims_plasma_50min	timsTOF HT	pr65_mass_cal	1036	1058	1047	1047	pr65s_mass_cal	2	0.19	920	83	19.7165366614587	20.0	calibrated	6.519572702764978	3.115227661705303		peptide:deduplicate	963a7ef7835a880e6f8d5a50492f64b4815e502d5eb1c6753cdafa03f08e6c6a	17388	25.8	2106
tims_plasma_50min	timsTOF HT	pr10335	963	1018	939	973.333	base	-26.333	-2.63	866	0	20.0	20.0						35da717dfdbb1fb6c01eb82706decfbb8bd83f541dd9a4d442eedec65b020e9d	17695	33.4	2109
