group	arm	n	mean_psms	reference_arm	delta_pct	native_mean	native_delta
Velos CID	base	3	2600.3	base	0.0	1862.3	0.0
Velos CID	pr68	3	2600.3	base	0.0	1862.3	0.0
Velos CID	pr66_priors	3	2590.8	base	-0.37	1862.3	0.0
Velos CID	pr65_default	3	2600.3	base	0.0	1862.3	0.0
Velos CID	pr10335	3	2904.0	base	11.68	2372	509.7
HF-X HCD	base	3	4380.3	base	0.0	3897.3	0.0
HF-X HCD	pr68	3	4380.3	base	0.0	3897.3	0.0
HF-X HCD	pr66_priors	3	4393.6	base	0.3	3897.3	0.0
HF-X HCD	pr65_default	3	4234.2	base	-3.34	3893.7	-3.7
HF-X HCD	pr65s_mass	3	4395.2	base	0.34	3884.7	-12.7
HF-X HCD	pr65s_mass_cal	3	4248.1	base	-3.02	3860.7	-36.7
HF-X HCD	pr65_mass_cal	3	4247	pr65s_mass_cal	-0.03	3296	-564.7
HF-X HCD	pr10335	3	4390.4	base	0.23	3897.3	0.0
Astral HCD	base	3	2189.6	base	0.0	1633.7	0.0
Astral HCD	pr68	3	2189.6	base	0.0	1633.7	0.0
Astral HCD	pr66_priors	3	2290.3	base	4.6	1633.7	0.0
Astral HCD	pr65_default	3	2301.1	base	5.09	1964.7	331.0
Astral HCD	pr65s_mass	3	2279.9	base	4.13	2050.7	417.0
Astral HCD	pr65s_mass_cal	3	2284.6	base	4.34	2025	391.3
Astral HCD	pr65_mass_cal	3	2257.4	pr65s_mass_cal	-1.19	1447.7	-577.3
Astral HCD	pr10335	3	2186.3	base	-0.15	1633.7	0.0
Lumos HCD LFQ	base	3	5496.1	base	0.0	5368.7	0.0
Lumos HCD LFQ	pr68	3	5496.1	base	0.0	5368.7	0.0
Lumos HCD LFQ	pr66_priors	3	5490.0	base	-0.11	5368.7	0.0
Lumos HCD LFQ	pr65_default	3	5267.6	base	-4.16	5226.3	-142.3
Lumos HCD LFQ	pr65s_mass	3	5488.2	base	-0.14	5406	37.3
Lumos HCD LFQ	pr65s_mass_cal	3	5313.2	base	-3.33	5261.3	-107.3
Lumos HCD LFQ	pr65_mass_cal	3	5309.6	pr65s_mass_cal	-0.07	5100	-161.3
Lumos HCD LFQ	pr10335	3	5500.2	base	0.07	5368.7	0.0
Lumos CID TMT	base	3	2327.3	base	0.0	1861.3	0.0
Lumos CID TMT	pr68	3	2327.3	base	0.0	1861.3	0.0
Lumos CID TMT	pr66_priors	3	2348.8	base	0.92	1861.3	0.0
Lumos CID TMT	pr65_default	3	2327.3	base	0.0	1861.3	0.0
Lumos CID TMT	pr10335	3	2398.1	base	3.04	2106.7	245.3
Exploris 480 TMTpro	base	3	2244.9	base	0.0	1879.3	0.0
Exploris 480 TMTpro	pr68	3	2244.9	base	0.0	1879.3	0.0
Exploris 480 TMTpro	pr66_priors	3	2284.4	base	1.76	1879.3	0.0
Exploris 480 TMTpro	pr65_default	3	2258.6	base	0.61	2053.7	174.3
Exploris 480 TMTpro	pr65s_mass	3	2243.3	base	-0.07	2110.7	231.3
Exploris 480 TMTpro	pr65s_mass_cal	3	2255.7	base	0.48	2086	206.7
Exploris 480 TMTpro	pr65_mass_cal	3	2272.2	pr65s_mass_cal	0.73	1951	-135
Exploris 480 TMTpro	pr10335	3	2251.4	base	0.29	1879.3	0.0
timsTOF HT	base	2	1015.0	base	0.0	854	0
timsTOF HT	pr68	2	1015.0	base	0.0	854	0
timsTOF HT	pr66_priors	2	1038.8	base	2.35	854	0
timsTOF HT	pr65_default	2	1023.0	base	0.79	849.5	-4.5
timsTOF HT	pr65s_mass	2	1021.3	base	0.62	864.5	10.5
timsTOF HT	pr65s_mass_cal	2	1026.5	base	1.13	860.5	6.5
timsTOF HT	pr65_mass_cal	2	1027.7	pr65s_mass_cal	0.11	902	41.5
timsTOF HT	pr10335	2	1002.0	base	-1.28	854	0
