dataset	group	ref	f5ea2d04	3a47278	9517361	2f30b40	f6c680f	sage	andes
velos_125_R1	Velos CID	2907.0	2529	2529	2617.33	2940.67	2979.67	2953.0	3035.0
velos_5000_R2	Velos CID	2945.7	2725.33	2725.33	2714	2951	2995	2885.3	3002.7
velos_25000_R3	Velos CID	2777.0	2546.67	2546.67	2632.33	2776	2845.33	2919.7	2964.0
hfx_A2	HF-X HCD	4494.3	4477.33	4471.67	4457	4457	4552.33	4444.7	4689.7
hfx_B1	HF-X HCD	4304.3	4284	4297.33	4310.33	4310.33	4322.67	4550.3	4722.3
hfx_B3	HF-X HCD	4351.3	4379.67	4397.67	4421.67	4421.67	4461.67	4447.7	4699.7
astral_A2	Astral HCD	1978.3	1955.33	2100	2162	2162	2356	2148.0	2839.0
astral_B1	Astral HCD	2286.0	2373	2431.33	2449.33	2449.33	2824	2165.0	3175.0
astral_B3	Astral HCD	2222.0	2240.33	2310.33	2356	2356	2786	2300.3	3207.3
lumos_lfq_5192	Lumos HCD LFQ	5476.3	5500	5502.67	5510	5510	5559.67	5641.7	5590.7
lumos_lfq_5194	Lumos HCD LFQ	5460.0	5470	5476.33	5480.67	5480.67	5539.67	5593.0	5640.0
lumos_lfq_5199	Lumos HCD LFQ	5502.0	5518.33	5526	5519	5519	5558.33	5578.3	5618.0
lumos_tmt_5058	Lumos CID TMT	2329.0	2251.67	2251.67	2248	2276.67	2327	2306.7	2440.3
lumos_tmt_5059	Lumos CID TMT	2341.7	2338	2338	2405.33	2426.67	2404.67	2402.3	2393.3
lumos_tmt_5066	Lumos CID TMT	2526.0	2392.33	2392.33	2450	2487	2513	2490.3	2573.0
eclipse_tmtpro_10855	Exploris 480 TMTpro	2364.0	2418.33	2638.67	2649.67	2649.67	2676.33	2708.7	2686.3
eclipse_tmtpro_10858	Exploris 480 TMTpro	2128.7	2132.33	2460.33	2466	2466	2485	2545.3	2370.0
eclipse_tmtpro_10863	Exploris 480 TMTpro	2249.7	2184	2456	2475.33	2475.33	2485.33	2535.0	2451.3
tims_plasma_30min	timsTOF HT	1030.3	1030.33	1055.67	1045.67	1045.67	1050.67	1078.7	1013.0
tims_plasma_50min	timsTOF HT	1045.7	999.67	995.33	1039.67	1039.67	1031.67	1021.3	915.0
