arm	group	n	mean_psms	develop	vs_develop_pct	pr_head	pr_head_psms	vs_pr_head_pct	native_vs_develop	native_vs_pr_head	extra_reference	vs_extra_pct
c_default	HF-X HCD	3	4234.2	4380.3	-3.34	pr65_default	4234.2	0.0	-3.7	0		
c_default	Astral HCD	3	2301.1	2189.6	5.09	pr65_default	2301.1	0.0	331	0		
c_default	Lumos HCD LFQ	3	5267.6	5496.1	-4.16	pr65_default	5267.6	0.0	-142.3	0		
c_default	Exploris 480 TMTpro	3	2258.6	2244.9	0.61	pr65_default	2258.6	0.0	174.3	0		
c_default	timsTOF HT	2	1023.0	1015.0	0.79	pr65_default	1023.0	0.0	-4.5	0		
h_prec	HF-X HCD	3	4256.3	4380.3	-2.83	pr65_default	4234.2	0.52	-9.3	-5.7		
h_prec	Astral HCD	3	2113.8	2189.6	-3.46	pr65_default	2301.1	-8.14	-4.7	-335.7		
h_prec	Lumos HCD LFQ	3	5292.2	5496.1	-3.71	pr65_default	5267.6	0.47	-147.7	-5.3		
h_prec	Exploris 480 TMTpro	3	2225.3	2244.9	-0.87	pr65_default	2258.6	-1.47	-1.7	-176		
h_prec	timsTOF HT	2	1023.0	1015.0	0.79	pr65_default	1023.0	0.0	-4.5	0		
h_frag	HF-X HCD	3	4340.7	4380.3	-0.91	pr65_default	4234.2	2.51	27.3	31		
h_frag	Astral HCD	3	2309.6	2189.6	5.48	pr65_default	2301.1	0.37	349	18		
h_frag	Lumos HCD LFQ	3	5472.3	5496.1	-0.43	pr65_default	5267.6	3.89	15.3	157.7		
h_frag	Exploris 480 TMTpro	3	2288.4	2244.9	1.94	pr65_default	2258.6	1.32	206.3	32		
h_frag	timsTOF HT	2	1015.0	1015.0	0.0	pr65_default	1023.0	-0.78	0	4.5		
h_prec_robust	HF-X HCD	3	4173.3	4380.3	-4.73	pr65_default	4234.2	-1.44	-67.7	-64		
h_prec_robust	Astral HCD	3	2076.8	2189.6	-5.15	pr65_default	2301.1	-9.75	159.3	-171.7		
h_prec_robust	Lumos HCD LFQ	3	5098.2	5496.1	-7.24	pr65_default	5267.6	-3.21	-302	-159.7		
h_prec_robust	Exploris 480 TMTpro	3	2110.8	2244.9	-5.97	pr65_default	2258.6	-6.54	-66.7	-241		
h_prec_robust	timsTOF HT	2	1009.2	1015.0	-0.57	pr65_default	1023.0	-1.35	-6.5	-2		
h_prec_robust_stride	HF-X HCD	3	4100.1	4380.3	-6.4	pr65_default	4234.2	-3.17	-119.3	-115.7		
h_prec_robust_stride	Astral HCD	3	2092.3	2189.6	-4.44	pr65_default	2301.1	-9.07	166.7	-164.3		
h_prec_robust_stride	Lumos HCD LFQ	3	5106.3	5496.1	-7.09	pr65_default	5267.6	-3.06	-287	-144.7		
h_prec_robust_stride	Exploris 480 TMTpro	3	2080.1	2244.9	-7.34	pr65_default	2258.6	-7.9	-69	-243.3		
h_prec_robust_stride	timsTOF HT	2	983.3	1015.0	-3.12	pr65_default	1023.0	-3.88	-25.5	-21		
m_full_noapply	HF-X HCD	3	4391.4	4380.3	0.25	pr65_mass_cal	4247	3.4	-714	-112.7	pr65s_mass	-0.09
m_full_noapply	Astral HCD	3	2198.8	2189.6	0.42	pr65_mass_cal	2257.4	-2.6	-203.7	-17.7	pr65s_mass	-3.56
m_full_noapply	Lumos HCD LFQ	3	5486.8	5496.1	-0.17	pr65_mass_cal	5309.6	3.34	-194	74.7	pr65s_mass	-0.03
m_full_noapply	Exploris 480 TMTpro	3	2243.2	2244.9	-0.07	pr65_mass_cal	2272.2	-1.28	52	-19.7	pr65s_mass	-0.0
m_full_noapply	timsTOF HT	2	1007.7	1015.0	-0.72	pr65_mass_cal	1027.7	-1.95	51.5	3.5	pr65s_mass	-1.34
m_shift_noapply	HF-X HCD	3	4384.2	4380.3	0.09	pr65_mass_cal	4247	3.23	10.3	611.7	pr65s_mass	-0.25
m_shift_noapply	Astral HCD	3	2297.9	2189.6	4.95	pr65_mass_cal	2257.4	1.79	383	569	pr65s_mass	0.79
m_shift_noapply	Lumos HCD LFQ	3	5491.7	5496.1	-0.08	pr65_mass_cal	5309.6	3.43	34.7	303.3	pr65s_mass	0.06
m_shift_noapply	Exploris 480 TMTpro	3	2234.8	2244.9	-0.45	pr65_mass_cal	2272.2	-1.65	227	155.3	pr65s_mass	-0.38
m_shift_noapply	timsTOF HT	2	1009.2	1015.0	-0.57	pr65_mass_cal	1027.7	-1.8	61	13	pr65s_mass	-1.19
m_shift_prec_robust_stride	HF-X HCD	3	4144.3	4380.3	-5.39	pr65_mass_cal	4247	-2.42	-137.7	463.7	pr65s_mass	-5.71
m_shift_prec_robust_stride	Astral HCD	3	2168.2	2189.6	-0.97	pr65_mass_cal	2257.4	-3.95	412.3	598.3	pr65s_mass	-4.9
m_shift_prec_robust_stride	Lumos HCD LFQ	3	5102.9	5496.1	-7.15	pr65_mass_cal	5309.6	-3.89	-312	-43.3	pr65s_mass	-7.02
m_shift_prec_robust_stride	Exploris 480 TMTpro	3	2063.1	2244.9	-8.1	pr65_mass_cal	2272.2	-9.2	85.7	14	pr65s_mass	-8.03
m_shift_prec_robust_stride	timsTOF HT	2	974.8	1015.0	-3.96	pr65_mass_cal	1027.7	-5.14	21.5	-26.5	pr65s_mass	-4.55
m_shift_frag	HF-X HCD	3	4342.9	4380.3	-0.85	pr65_mass_cal	4247	2.26	12.3	613.7	pr65s_mass	-1.19
m_shift_frag	Astral HCD	3	2332.2	2189.6	6.52	pr65_mass_cal	2257.4	3.31	404.3	590.3	pr65s_mass	2.3
m_shift_frag	Lumos HCD LFQ	3	5471.9	5496.1	-0.44	pr65_mass_cal	5309.6	3.06	17.7	286.3	pr65s_mass	-0.3
m_shift_frag	Exploris 480 TMTpro	3	2294.7	2244.9	2.22	pr65_mass_cal	2272.2	0.99	231.7	160	pr65s_mass	2.29
m_shift_frag	timsTOF HT	2	1009.2	1015.0	-0.57	pr65_mass_cal	1027.7	-1.8	61	13	pr65s_mass	-1.19
p_default	Velos CID	1	2523.7	2529	-0.21	pr66_priors	2523.7	0.0	0	0		
p_default	HF-X HCD	1	4491	4477.3	0.31	pr66_priors	4491	0.0	0	0		
p_zauto	Velos CID	3	2761.6	2600.3	6.2	pr66_priors	2590.8	6.59	0	0		
p_zauto	HF-X HCD	1	4491	4477.3	0.31	pr66_priors	4491	0.0	0	0		
p_zauto	Lumos CID TMT	3	2400.3	2327.3	3.14	pr66_priors	2348.8	2.19	0	0		
p_residue	Velos CID	3	2614.4	2600.3	0.54	pr66_priors	2590.8	0.91	0	0		
p_residue	HF-X HCD	3	4408.0	4380.3	0.63	pr66_priors	4393.6	0.33	0	0		
p_residue	Astral HCD	3	2295.0	2189.6	4.82	pr66_priors	2290.3	0.2	0	0		
p_residue	Lumos HCD LFQ	3	5494.0	5496.1	-0.04	pr66_priors	5490.0	0.07	0	0		
p_residue	Lumos CID TMT	3	2372.1	2327.3	1.92	pr66_priors	2348.8	0.99	0	0		
p_residue	Exploris 480 TMTpro	3	2277.2	2244.9	1.44	pr66_priors	2284.4	-0.32	0	0		
p_residue	timsTOF HT	2	1032.5	1015.0	1.72	pr66_priors	1038.8	-0.61	0	0		
p_zauto_residue	Velos CID	3	2760.4	2600.3	6.16	pr66_priors	2590.8	6.55	0	0		
p_zauto_residue	Lumos CID TMT	3	2421.1	2327.3	4.03	pr66_priors	2348.8	3.08	0	0		
