arm	dataset	seeds	mean_psms	vs_develop_pct	vs_pr_head_pct	native	precursor_tolerance	fragment_tolerance	kernel_sd	kernel_shift	ignored
c_default	hfx_A2	[4249, 4252, 4307]	4269.3	-4.65	0.0	3927	8.28608370928719	17.4023265838623	3.603326991888014	-0.780718740988542	peptide:deduplicate
c_default	hfx_B1	[4217, 4198, 4226]	4213.7	-1.64	0.0	3869	15.5083110883818	17.0365772247314	3.534144594700857	-0.903448159554298	peptide:deduplicate
c_default	hfx_B3	[4228, 4224, 4207]	4219.7	-3.65	0.0	3885	12.6557856136465	17.7290420532227	3.729762359934828	-0.964087278072787	peptide:deduplicate
c_default	astral_A2	[2070, 2101, 2051]	2074	6.07	0.0	1841	19.8417967314562	15.0132617950439	2.123179407824141	-2.673097811785814	peptide:deduplicate
c_default	astral_B1	[2419, 2414, 2422]	2418.3	1.91	0.0	1982	17.5524829882893	13.5268306732178	1.856342192368921	-2.2423178576943	peptide:deduplicate
c_default	astral_B3	[2362, 2438, 2433]	2411	7.62	0.0	2071	18.4192354547984	12.716010093689	1.794734572024251	-2.127813094711531	peptide:deduplicate
c_default	lumos_lfq_5192	[5091, 5097, 5091]	5093	-7.4	0.0	5069	3.49985000699112	15.502739906311	3.259894493657422	0.562185740914831	peptide:deduplicate
c_default	lumos_lfq_5194	[5293, 5293, 5296]	5294	-3.22	0.0	5251	13.1343835440399	16.4764080047607	3.139376589864011	1.20755313586572	peptide:deduplicate
c_default	lumos_lfq_5199	[5414, 5411, 5422]	5415.7	-1.86	0.0	5359	18.1725769443734	15.6690540313721	3.289655113153791	0.626385389112693	peptide:deduplicate
c_default	eclipse_tmtpro_10855	[2384, 2424, 2415]	2407.7	-0.44	0.0	2222	48.3345506759784	12.214038848877	2.780261574877524	0.883923947368315	peptide:deduplicate
c_default	eclipse_tmtpro_10858	[2186, 2222, 2193]	2200.3	3.19	0.0	1931	47.6503075362933	11.6056833267212	2.813366527685357	0.179609396977445	peptide:deduplicate
c_default	eclipse_tmtpro_10863	[2181, 2173, 2149]	2167.7	-0.75	0.0	2008	36.3567604566458	12.1455383300781	2.74821399108727	0.910554574422699	peptide:deduplicate
c_default	tims_plasma_30min	[1030, 1028, 1039]	1032.3	0.19	0.0	836	19.6677078157767	20.0	6.248679085800813	1.94555371111595	peptide:deduplicate
c_default	tims_plasma_50min	[1018, 1015, 1008]	1013.7	1.4	0.0	863	18.46658298723	20.0	7.906488430998607	3.115227661705303	peptide:deduplicate
h_prec	hfx_A2	[4314, 4327, 4294]	4311.7	-3.7	0.99	3950	8.28608370928719	20.0	3.603326991888014	-0.780718740988542	peptide:deduplicate
h_prec	hfx_B1	[4251, 4284, 4214]	4249.7	-0.8	0.85	3801	15.5083110883818	20.0	3.534144594700857	-0.903448159554298	peptide:deduplicate
h_prec	hfx_B3	[4226, 4177, 4220]	4207.7	-3.93	-0.28	3913	12.6557856136465	20.0	3.729762359934828	-0.964087278072787	peptide:deduplicate
h_prec	astral_A2	[1902, 1926, 1831]	1886.3	-3.53	-9.05	1471	19.8417967314562	20.0	2.123179407824141	-2.673097811785814	peptide:deduplicate
h_prec	astral_B1	[2223, 2258, 2378]	2286.3	-3.65	-5.46	1748	17.5524829882893	20.0	1.856342192368921	-2.2423178576943	peptide:deduplicate
h_prec	astral_B3	[2219, 2121, 2166]	2168.7	-3.2	-10.05	1668	18.4192354547984	20.0	1.794734572024251	-2.127813094711531	peptide:deduplicate
h_prec	lumos_lfq_5192	[5131, 5113, 5124]	5122.7	-6.86	0.58	5108	3.49985000699112	20.0	3.259894493657422	0.562185740914831	peptide:deduplicate
h_prec	lumos_lfq_5194	[5301, 5326, 5301]	5309.3	-2.94	0.29	5206	13.1343835440399	20.0	3.139376589864011	1.20755313586572	peptide:deduplicate
h_prec	lumos_lfq_5199	[5447, 5445, 5442]	5444.7	-1.33	0.54	5349	18.1725769443734	20.0	3.289655113153791	0.626385389112693	peptide:deduplicate
h_prec	eclipse_tmtpro_10855	[2375, 2398, 2305]	2359.3	-2.44	-2.01	1984	48.3345506759784	20.0	2.780261574877524	0.883923947368315	peptide:deduplicate
h_prec	eclipse_tmtpro_10858	[2123, 2132, 2152]	2135.7	0.16	-2.94	1802	47.6503075362933	20.0	2.813366527685357	0.179609396977445	peptide:deduplicate
h_prec	eclipse_tmtpro_10863	[2205, 2166, 2172]	2181	-0.14	0.62	1847	36.3567604566458	20.0	2.74821399108727	0.910554574422699	peptide:deduplicate
h_prec	tims_plasma_30min	[1030, 1028, 1039]	1032.3	0.19	0.0	836	19.6677078157767	20.0	6.248679085800813	1.94555371111595	peptide:deduplicate
h_prec	tims_plasma_50min	[1018, 1015, 1008]	1013.7	1.4	0.0	863	18.46658298723	20.0	7.906488430998607	3.115227661705303	peptide:deduplicate
h_frag	hfx_A2	[4446, 4431, 4456]	4444.3	-0.74	4.1	3977	20.0	17.4023265838623	3.603326991888014	-0.780718740988542	peptide:deduplicate
h_frag	hfx_B1	[4269, 4233, 4183]	4228.3	-1.3	0.35	3850	20.0	17.0365772247314	3.534144594700857	-0.903448159554298	peptide:deduplicate
h_frag	hfx_B3	[4327, 4392, 4329]	4349.3	-0.69	3.07	3947	20.0	17.7290420532227	3.729762359934828	-0.964087278072787	peptide:deduplicate
h_frag	astral_A2	[1958, 2112, 2113]	2061	5.4	-0.63	1823	20.0	15.0132617950439	2.123179407824141	-2.673097811785814	peptide:deduplicate
h_frag	astral_B1	[2405, 2424, 2463]	2430.7	2.43	0.51	2043	20.0	13.5268306732178	1.856342192368921	-2.2423178576943	peptide:deduplicate
h_frag	astral_B3	[2423, 2461, 2427]	2437	8.78	1.08	2082	20.0	12.716010093689	1.794734572024251	-2.127813094711531	peptide:deduplicate
h_frag	lumos_lfq_5192	[5471, 5482, 5477]	5476.7	-0.42	7.53	5384	20.0	15.502739906311	3.259894493657422	0.562185740914831	peptide:deduplicate
h_frag	lumos_lfq_5194	[5460, 5459, 5453]	5457.3	-0.23	3.09	5354	20.0	16.4764080047607	3.139376589864011	1.20755313586572	peptide:deduplicate
h_frag	lumos_lfq_5199	[5494, 5478, 5477]	5483	-0.64	1.24	5414	20.0	15.6690540313721	3.289655113153791	0.626385389112693	peptide:deduplicate
h_frag	eclipse_tmtpro_10855	[2442, 2458, 2431]	2443.7	1.05	1.5	2248	50.0	12.214038848877	2.780261574877524	0.883923947368315	peptide:deduplicate
h_frag	eclipse_tmtpro_10858	[2241, 2247, 2150]	2212.7	3.77	0.56	1929	50.0	11.6056833267212	2.813366527685357	0.179609396977445	peptide:deduplicate
h_frag	eclipse_tmtpro_10863	[2215, 2240, 2172]	2209	1.14	1.91	2080	50.0	12.1455383300781	2.74821399108727	0.910554574422699	peptide:deduplicate
h_frag	tims_plasma_30min	[1015, 1050, 1026]	1030.3	0.0	-0.19	842	20.0	20.0	6.248679085800813	1.94555371111595	peptide:deduplicate
h_frag	tims_plasma_50min	[1028, 991, 980]	999.7	0.0	-1.38	866	20.0	20.0	7.906488430998607	3.115227661705303	peptide:deduplicate
h_prec_robust	hfx_A2	[4164, 4224, 4222]	4203.3	-6.12	-1.55	3887	7.64542244626987	20.0	3.603326991888014	-0.780718740988542	peptide:deduplicate
h_prec_robust	hfx_B1	[4210, 4210, 4177]	4199	-1.98	-0.35	3814	9.1886046204137	20.0	3.534144594700857	-0.903448159554298	peptide:deduplicate
h_prec_robust	hfx_B3	[4090, 4127, 4136]	4117.7	-5.98	-2.42	3788	7.95736552820747	20.0	3.729762359934828	-0.964087278072787	peptide:deduplicate
h_prec_robust	astral_A2	[1817, 1760, 1768]	1781.7	-8.88	-14.1	1618	4.6604046977063	20.0	2.123179407824141	-2.673097811785814	peptide:deduplicate
h_prec_robust	astral_B1	[2250, 2151, 2284]	2228.3	-6.1	-7.86	1952	4.35487357018913	20.0	1.856342192368921	-2.2423178576943	peptide:deduplicate
h_prec_robust	astral_B3	[2242, 2234, 2185]	2220.3	-0.89	-7.91	1809	4.3570577630596	20.0	1.794734572024251	-2.127813094711531	peptide:deduplicate
h_prec_robust	lumos_lfq_5192	[5101, 5078, 5092]	5090.3	-7.45	-0.05	5044	3.41464506953742	20.0	3.259894493657422	0.562185740914831	peptide:deduplicate
h_prec_robust	lumos_lfq_5194	[5052, 5049, 5062]	5054.3	-7.6	-4.53	5051	3.53066208357083	20.0	3.139376589864011	1.20755313586572	peptide:deduplicate
h_prec_robust	lumos_lfq_5199	[5152, 5151, 5147]	5150	-6.67	-4.91	5105	3.96592165979621	20.0	3.289655113153791	0.626385389112693	peptide:deduplicate
h_prec_robust	eclipse_tmtpro_10855	[2245, 2263, 2276]	2261.3	-6.49	-6.08	1869	9.12745095719954	20.0	2.780261574877524	0.883923947368315	peptide:deduplicate
h_prec_robust	eclipse_tmtpro_10858	[2083, 2063, 2085]	2077	-2.59	-5.61	1807	7.9646299700579	20.0	2.813366527685357	0.179609396977445	peptide:deduplicate
h_prec_robust	eclipse_tmtpro_10863	[2000, 2037, 1945]	1994	-8.7	-8.01	1762	8.18982995761108	20.0	2.74821399108727	0.910554574422699	peptide:deduplicate
h_prec_robust	tims_plasma_30min	[1018, 988, 1013]	1006.3	-2.33	-2.52	838	16.0049087947422	20.0	6.248679085800813	1.94555371111595	peptide:deduplicate
h_prec_robust	tims_plasma_50min	[1001, 1017, 1018]	1012	1.23	-0.16	857	20.0	20.0	7.906488430998607	3.115227661705303	peptide:deduplicate
h_prec_robust_stride	hfx_A2	[4154, 4151, 4188]	4164.3	-6.99	-2.46	3840	7.11923699855544	20.0	3.447671167056035	-0.912183646778615	peptide:deduplicate
h_prec_robust_stride	hfx_B1	[4145, 4145, 4121]	4137	-3.43	-1.82	3821	8.1336467897323	20.0	3.658727997835006	-1.02948956725159	peptide:deduplicate
h_prec_robust_stride	hfx_B3	[4012, 4005, 3980]	3999	-8.69	-5.23	3673	6.69185169252144	20.0	3.539499305695748	-0.872614157141904	peptide:deduplicate
h_prec_robust_stride	astral_A2	[1879, 1812, 1922]	1871	-4.31	-9.79	1648	3.7775931004384	20.0	1.751691639502219	-2.707743509530002	peptide:deduplicate
h_prec_robust_stride	astral_B1	[2230, 2220, 2228]	2226	-6.19	-7.95	1972	4.43818999219252	20.0	1.76406894778785	-2.182069017432977	peptide:deduplicate
h_prec_robust_stride	astral_B3	[2164, 2200, 2176]	2180	-2.69	-9.58	1781	3.75983407173744	20.0	1.71365573286528	-2.119637510479122	peptide:deduplicate
h_prec_robust_stride	lumos_lfq_5192	[5104, 5109, 5098]	5103.7	-7.21	0.21	5082	3.60200780418308	20.0	2.719550154553444	0.542920246073675	peptide:deduplicate
h_prec_robust_stride	lumos_lfq_5194	[5082, 5091, 5104]	5092.3	-6.9	-3.81	5080	3.63643119570674	20.0	2.672937579732891	1.101422954238477	peptide:deduplicate
h_prec_robust_stride	lumos_lfq_5199	[5130, 5127, 5112]	5123	-7.16	-5.4	5083	3.62502298359098	20.0	2.714857730874245	0.534189964577213	peptide:deduplicate
h_prec_robust_stride	eclipse_tmtpro_10855	[2259, 2159, 2276]	2231.3	-7.73	-7.32	1910	7.83988919486687	20.0	2.567488008708524	0.3011440960196	peptide:deduplicate
h_prec_robust_stride	eclipse_tmtpro_10858	[2017, 2001, 2050]	2022.7	-5.14	-8.07	1778	5.374113857974	20.0	2.72739511395381	-0.480379730523524	peptide:deduplicate
h_prec_robust_stride	eclipse_tmtpro_10863	[1956, 2019, 1984]	1986.3	-9.05	-8.37	1743	6.34141917098842	20.0	2.682129770510322	0.1620405406647	peptide:deduplicate
h_prec_robust_stride	tims_plasma_30min	[973, 967, 980]	973.3	-5.53	-5.72	830	10.7151776819186	20.0	3.224517063527435	2.362664782914171	peptide:deduplicate
h_prec_robust_stride	tims_plasma_50min	[979, 979, 1022]	993.3	-0.63	-2.01	827	13.685276757039	20.0	4.031431948901819	4.827884397768669	peptide:deduplicate
m_full_noapply	hfx_A2	[4475, 4510, 4456]	4480.3	0.07	5.37	3133	20.0	20.0	3.374160892104178	-0.704455847038344	peptide:deduplicate
m_full_noapply	hfx_B1	[4320, 4319, 4292]	4310.3	0.61	3.27	3062	20.0	20.0	3.32768656318918	-0.862430136342333	peptide:deduplicate
m_full_noapply	hfx_B3	[4403, 4343, 4405]	4383.7	0.09	1.59	3355	20.0	20.0	3.53717172835958	-0.915572718996274	peptide:deduplicate
m_full_noapply	astral_A2	[1993, 1983, 2123]	2033	3.97	2.02	1465	20.0	20.0	2.062783860301229	-2.639416204099072	peptide:deduplicate
m_full_noapply	astral_B1	[2319, 2378, 2344]	2347	-1.1	-0.78	1501	20.0	20.0	1.811216346966405	-2.21622201042147	peptide:deduplicate
m_full_noapply	astral_B3	[2153, 2245, 2251]	2216.3	-1.07	-8.2	1324	20.0	20.0	1.75735764632013	-2.124472609326311	peptide:deduplicate
m_full_noapply	lumos_lfq_5192	[5500, 5504, 5483]	5495.7	-0.08	5.98	5089	20.0	20.0	3.105658461915962	0.567734968096582	peptide:deduplicate
m_full_noapply	lumos_lfq_5194	[5457, 5459, 5451]	5455.7	-0.26	2.46	5168	20.0	20.0	2.890354993130333	1.159105146209324	peptide:deduplicate
m_full_noapply	lumos_lfq_5199	[5514, 5482, 5531]	5509	-0.17	1.67	5267	20.0	20.0	3.117204532116037	0.600929752761255	peptide:deduplicate
m_full_noapply	eclipse_tmtpro_10855	[2418, 2416, 2391]	2408.3	-0.41	-0.52	2044	50.0	20.0	2.75401201133996	0.877519456566558	peptide:deduplicate
m_full_noapply	eclipse_tmtpro_10858	[2143, 2149, 2064]	2118.7	-0.64	-4.81	1887	50.0	20.0	2.707326513861934	0.10550509770946	peptide:deduplicate
m_full_noapply	eclipse_tmtpro_10863	[2160, 2212, 2236]	2202.7	0.85	1.51	1863	50.0	20.0	2.66220735342729	0.936242724109401	peptide:deduplicate
m_full_noapply	tims_plasma_30min	[1049, 1025, 1016]	1030	-0.03	2.15	890	20.0	20.0	5.702679076653189	1.359635853027463	peptide:deduplicate
m_full_noapply	tims_plasma_50min	[993, 1022, 941]	985.3	-1.43	-5.89	921	20.0	20.0	6.519572702764978	3.115227661705303	peptide:deduplicate
m_shift_noapply	hfx_A2	[4500, 4505, 4467]	4490.7	0.3	5.61	3946	20.0	20.0	7.0	-0.704455847038344	peptide:deduplicate
m_shift_noapply	hfx_B1	[4314, 4326, 4292]	4310.7	0.62	3.27	3760	20.0	20.0	7.0	-0.862430136342333	peptide:deduplicate
m_shift_noapply	hfx_B3	[4372, 4329, 4353]	4351.3	-0.65	0.84	4017	20.0	20.0	7.0	-0.915572718996274	peptide:deduplicate
m_shift_noapply	astral_A2	[1941, 2089, 2183]	2071	5.92	3.93	1848	20.0	20.0	7.0	-2.639416204099072	peptide:deduplicate
m_shift_noapply	astral_B1	[2317, 2463, 2415]	2398.3	1.07	1.4	2139	20.0	20.0	7.0	-2.21622201042147	peptide:deduplicate
m_shift_noapply	astral_B3	[2442, 2462, 2369]	2424.3	8.21	0.41	2063	20.0	20.0	7.0	-2.124472609326311	peptide:deduplicate
m_shift_noapply	lumos_lfq_5192	[5480, 5484, 5477]	5480.3	-0.36	5.68	5374	20.0	20.0	7.0	0.567734968096582	peptide:deduplicate
m_shift_noapply	lumos_lfq_5194	[5485, 5488, 5457]	5476.7	0.12	2.85	5394	20.0	20.0	7.0	1.159105146209324	peptide:deduplicate
m_shift_noapply	lumos_lfq_5199	[5517, 5511, 5526]	5518	-0.01	1.84	5442	20.0	20.0	7.0	0.600929752761255	peptide:deduplicate
m_shift_noapply	eclipse_tmtpro_10855	[2424, 2414, 2409]	2415.7	-0.11	-0.22	2232	50.0	20.0	7.0	0.877519456566558	peptide:deduplicate
m_shift_noapply	eclipse_tmtpro_10858	[2122, 2131, 2100]	2117.7	-0.69	-4.85	2029	50.0	20.0	7.0	0.10550509770946	peptide:deduplicate
m_shift_noapply	eclipse_tmtpro_10863	[2152, 2159, 2202]	2171	-0.6	0.05	2058	50.0	20.0	7.0	0.936242724109401	peptide:deduplicate
m_shift_noapply	tims_plasma_30min	[1040, 1011, 1018]	1023	-0.71	1.45	901	20.0	20.0	7.0	1.359635853027463	peptide:deduplicate
m_shift_noapply	tims_plasma_50min	[983, 984, 1019]	995.3	-0.43	-4.93	929	20.0	20.0	7.0	3.115227661705303	peptide:deduplicate
m_shift_prec_robust_stride	hfx_A2	[4217, 4214, 4222]	4217.7	-5.8	-0.81	3778	7.74909627404039	20.0	7.0	-0.807245463882448	peptide:deduplicate
m_shift_prec_robust_stride	hfx_B1	[4191, 4155, 4176]	4174	-2.57	0.0	3755	8.00069482603622	20.0	7.0	-1.014688848181799	peptide:deduplicate
m_shift_prec_robust_stride	hfx_B3	[4049, 3997, 4078]	4041.3	-7.73	-6.34	3746	6.76026883025074	20.0	7.0	-0.807456764364	peptide:deduplicate
m_shift_prec_robust_stride	astral_A2	[2003, 1929, 1970]	1967.3	0.61	-1.27	2000	3.84549566622147	20.0	7.0	-2.674235922576615	peptide:deduplicate
m_shift_prec_robust_stride	astral_B1	[2287, 2247, 2327]	2287	-3.62	-3.31	2085	4.45452436018747	20.0	7.0	-2.166158619377604	peptide:deduplicate
m_shift_prec_robust_stride	astral_B3	[2234, 2240, 2277]	2250.3	0.45	-6.79	2053	3.75994739083614	20.0	7.0	-2.108582681218655	peptide:deduplicate
m_shift_prec_robust_stride	lumos_lfq_5192	[5082, 5076, 5103]	5087	-7.51	-1.9	5010	3.40917205118875	20.0	7.0	0.517465543504736	peptide:deduplicate
m_shift_prec_robust_stride	lumos_lfq_5194	[5084, 5112, 5086]	5094	-6.87	-4.33	5072	3.54452308863744	20.0	7.0	1.094093147177232	peptide:deduplicate
m_shift_prec_robust_stride	lumos_lfq_5199	[5128, 5124, 5131]	5127.7	-7.08	-5.36	5088	3.71698949781986	20.0	7.0	0.491506564033321	peptide:deduplicate
m_shift_prec_robust_stride	eclipse_tmtpro_10855	[2221, 2213, 2195]	2209.7	-8.63	-8.73	2057	7.45811582725713	20.0	7.0	0.261738676202839	peptide:deduplicate
m_shift_prec_robust_stride	eclipse_tmtpro_10858	[2013, 2026, 1976]	2005	-5.97	-9.91	1937	5.39889771156843	20.0	7.0	-0.452662476449784	peptide:deduplicate
m_shift_prec_robust_stride	eclipse_tmtpro_10863	[2003, 1957, 1964]	1974.7	-9.58	-9.0	1901	6.3199006596396	20.0	7.0	0.121357904790687	peptide:deduplicate
m_shift_prec_robust_stride	tims_plasma_30min	[969, 955, 926]	950	-7.8	-5.79	868	10.2313879595516	20.0	7.0	2.352199160849035	peptide:deduplicate
m_shift_prec_robust_stride	tims_plasma_50min	[1005, 1005, 989]	999.7	0.0	-4.52	883	12.8497287820923	20.0	7.0	4.65557996869191	peptide:deduplicate
m_shift_frag	hfx_A2	[4450, 4446, 4426]	4440.7	-0.82	4.44	3970	20.0	15.337721824646	7.0	-0.704455847038344	peptide:deduplicate
m_shift_frag	hfx_B1	[4232, 4234, 4236]	4234	-1.17	1.44	3752	20.0	16.0663433074951	7.0	-0.862430136342333	peptide:deduplicate
m_shift_frag	hfx_B3	[4348, 4357, 4357]	4354	-0.59	0.9	4007	20.0	16.2720890045166	7.0	-0.915572718996274	peptide:deduplicate
m_shift_frag	astral_A2	[2133, 2108, 2103]	2114.7	8.15	6.12	1844	20.0	14.5984268188477	7.0	-2.639416204099072	peptide:deduplicate
m_shift_frag	astral_B1	[2434, 2391, 2513]	2446	3.08	3.41	2210	20.0	13.1755304336548	7.0	-2.21622201042147	peptide:deduplicate
m_shift_frag	astral_B3	[2429, 2431, 2448]	2436	8.73	0.9	2060	20.0	12.5474987030029	7.0	-2.124472609326311	peptide:deduplicate
m_shift_frag	lumos_lfq_5192	[5453, 5458, 5468]	5459.7	-0.73	5.28	5353	20.0	14.9009733200073	7.0	0.567734968096582	peptide:deduplicate
m_shift_frag	lumos_lfq_5194	[5452, 5492, 5477]	5473.7	0.07	2.8	5376	20.0	15.4011583328247	7.0	1.159105146209324	peptide:deduplicate
m_shift_frag	lumos_lfq_5199	[5493, 5469, 5485]	5482.3	-0.65	1.18	5430	20.0	14.7265100479126	7.0	0.600929752761255	peptide:deduplicate
m_shift_frag	eclipse_tmtpro_10855	[2455, 2461, 2457]	2457.7	1.63	1.51	2243	50.0	11.8541021347046	7.0	0.877519456566558	peptide:deduplicate
m_shift_frag	eclipse_tmtpro_10858	[2158, 2232, 2187]	2192.3	2.81	-1.5	1986	50.0	11.2212905883789	7.0	0.10550509770946	peptide:deduplicate
m_shift_frag	eclipse_tmtpro_10863	[2243, 2220, 2239]	2234	2.29	2.95	2104	50.0	11.7924385070801	7.0	0.936242724109401	peptide:deduplicate
m_shift_frag	tims_plasma_30min	[1040, 1011, 1018]	1023	-0.71	1.45	901	20.0	20.0	7.0	1.359635853027463	peptide:deduplicate
m_shift_frag	tims_plasma_50min	[983, 984, 1019]	995.3	-0.43	-4.93	929	20.0	20.0	7.0	3.115227661705303	peptide:deduplicate
p_default	velos_125_R1	[2442, 2513, 2616]	2523.7	-0.21	0.0	1838	20.0	0.5			peptide:deduplicate
p_default	hfx_A2	[4458, 4516, 4499]	4491	0.31	0.0	3937	20.0	20.0			peptide:deduplicate
p_zauto	velos_125_R1	[2691, 2750, 2735]	2725.3	7.76	7.99	1838	20.0	0.5			peptide:deduplicate
p_zauto	velos_5000_R2	[2853, 2837, 2820]	2836.7	4.09	5.36	1921	20.0	0.5			peptide:deduplicate
p_zauto	velos_25000_R3	[2693, 2723, 2752]	2722.7	6.91	6.51	1828	20.0	0.5			peptide:deduplicate
p_zauto	hfx_A2	[4458, 4516, 4499]	4491	0.31	0.0	3937	20.0	20.0			peptide:deduplicate
p_zauto	lumos_tmt_5058	[2360, 2330, 2301]	2330.3	3.49	2.19	1747	20.0	0.5			peptide:deduplicate
p_zauto	lumos_tmt_5059	[2378, 2409, 2423]	2403.3	2.79	1.64	1848	20.0	0.5			peptide:deduplicate
p_zauto	lumos_tmt_5066	[2486, 2438, 2478]	2467.3	3.14	2.75	1989	20.0	0.5			peptide:deduplicate
p_residue	velos_125_R1	[2471, 2643, 2554]	2556	1.07	1.28	1838	20.0	0.5			peptide:deduplicate
p_residue	velos_5000_R2	[2679, 2775, 2686]	2713.3	-0.44	0.78	1921	20.0	0.5			peptide:deduplicate
p_residue	velos_25000_R3	[2584, 2583, 2555]	2574	1.07	0.69	1828	20.0	0.5			peptide:deduplicate
p_residue	hfx_A2	[4486, 4503, 4485]	4491.3	0.31	0.01	3937	20.0	20.0			peptide:deduplicate
p_residue	hfx_B1	[4349, 4394, 4306]	4349.7	1.53	0.53	3809	20.0	20.0			peptide:deduplicate
p_residue	hfx_B3	[4422, 4335, 4392]	4383	0.08	0.46	3946	20.0	20.0			peptide:deduplicate
p_residue	astral_A2	[2166, 2053, 2125]	2114.7	8.15	1.39	1469	20.0	20.0			peptide:deduplicate
p_residue	astral_B1	[2526, 2408, 2422]	2452	3.33	1.17	1756	20.0	20.0			peptide:deduplicate
p_residue	astral_B3	[2350, 2286, 2319]	2318.3	3.48	-1.83	1676	20.0	20.0			peptide:deduplicate
p_residue	lumos_lfq_5192	[5495, 5491, 5500]	5495.3	-0.08	0.07	5418	20.0	20.0			peptide:deduplicate
p_residue	lumos_lfq_5194	[5476, 5450, 5458]	5461.3	-0.16	0.03	5304	20.0	20.0			peptide:deduplicate
p_residue	lumos_lfq_5199	[5520, 5508, 5548]	5525.3	0.13	0.11	5384	20.0	20.0			peptide:deduplicate
p_residue	lumos_tmt_5058	[2342, 2283, 2263]	2296	1.97	0.69	1747	20.0	0.5			peptide:deduplicate
p_residue	lumos_tmt_5059	[2376, 2437, 2375]	2396	2.48	1.33	1848	20.0	0.5			peptide:deduplicate
p_residue	lumos_tmt_5066	[2428, 2450, 2395]	2424.3	1.34	0.96	1989	20.0	0.5			peptide:deduplicate
p_residue	eclipse_tmtpro_10855	[2412, 2421, 2435]	2422.7	0.18	-0.38	2003	50.0	20.0			peptide:deduplicate
p_residue	eclipse_tmtpro_10858	[2202, 2203, 2070]	2158.3	1.22	0.56	1786	50.0	20.0			peptide:deduplicate
p_residue	eclipse_tmtpro_10863	[2236, 2242, 2274]	2250.7	3.05	-1.07	1849	50.0	20.0			peptide:deduplicate
p_residue	tims_plasma_30min	[1024, 1035, 1064]	1041	1.04	0.29	842	20.0	20.0			peptide:deduplicate
p_residue	tims_plasma_50min	[1030, 1022, 1020]	1024	2.43	-1.51	866	20.0	20.0			peptide:deduplicate
p_zauto_residue	velos_125_R1	[2621, 2762, 2773]	2718.7	7.5	7.73	1838	20.0	0.5			peptide:deduplicate
p_zauto_residue	velos_5000_R2	[2826, 2880, 2864]	2856.7	4.82	6.1	1921	20.0	0.5			peptide:deduplicate
p_zauto_residue	velos_25000_R3	[2766, 2705, 2647]	2706	6.26	5.85	1828	20.0	0.5			peptide:deduplicate
p_zauto_residue	lumos_tmt_5058	[2350, 2262, 2328]	2313.3	2.74	1.45	1747	20.0	0.5			peptide:deduplicate
p_zauto_residue	lumos_tmt_5059	[2338, 2454, 2434]	2408.7	3.02	1.86	1848	20.0	0.5			peptide:deduplicate
p_zauto_residue	lumos_tmt_5066	[2523, 2539, 2562]	2541.3	6.23	5.83	1989	20.0	0.5			peptide:deduplicate
