cls	n	per100	top20_tic	id_rate	marginal	z3	sd_weak	cut_ratio	priors	pr10335	f79	f79_mass	wt40	wt100	andes_gap	andes_highres_gap
ion trap CID	6	61.92	77.02	30.78	19.5	44.33			4.31	7.38					10.81	
Orbitrap HCD	9	16.98	88.73	50.51	11.37	40.78	5.1	7.18	0.2	0.21	0.21	0.32	0.58	0.29	7.03	
Astral (TOF)	3	89.5	60.03	27.37	28.43	28.73	2.78	8.9	3.53	-0.06	5.54	6.65	7.01	8.75	40.72	
timsTOF (QTOF)	2	13.65	87.45	12.7	15.5	45.9	5.63		0.64	-1.3	0.0	-0.57	4.41	4.44	-5.08	1.33

group	n	per100	top20_tic	id_rate	marginal	z3	sd_weak	cut_ratio	priors	pr10335	f79	f79_mass	wt40	wt100	andes_gap	andes_highres_gap
Velos CID	3	60.3	76.87	32.5	23.3	40.33			5.57	11.75					15.52	
HF-X HCD	3	15.73	93.53	54.73	11.43	36.07	5.82	4.9	0.05	0.23	-0.91	-0.86	0.6	1.21	7.43	
Astral HCD	3	89.5	60.03	27.37	28.43	28.73	2.78	8.9	3.53	-0.06	5.54	6.65	7.01	8.75	40.72	
Lumos HCD LFQ	3	15.43	92.57	68.73	5.73	34.1	6.0	7.06	-0.19	0.08	-0.43	-0.44	0.22	0.23	2.19	
Lumos CID TMT	3	63.53	77.17	29.07	15.7	48.33			3.04	3.0					6.1	
Exploris 480 TMTpro	3	19.77	80.1	28.07	16.93	52.17	3.48	9.59	0.75	0.33	1.99	2.24	0.93	-0.58	11.49	
timsTOF HT	2	13.65	87.45	12.7	15.5	45.9	5.63		0.64	-1.3	0.0	-0.57	4.41	4.44	-5.08	1.33

