dataset	group	unit	id_rate	marginal	z3plus	priors	pr10335	frag_window	mass_scorer
velos_125_R1	Velos CID	Da	31.6	0.252	43.5	6.87	16.32		
velos_5000_R2	Velos CID	Da	34.1	0.198	38.8	3.07	8.92		
velos_25000_R3	Velos CID	Da	31.8	0.249	38.7	6.78	10.03		
hfx_A2	HF-X HCD	ppm	56.0	0.098	35.9	0.35	0.18	-0.74	0.28
hfx_B1	HF-X HCD	ppm	53.5	0.123	37.6	0.58	0.61	-1.3	0.87
hfx_B3	HF-X HCD	ppm	54.7	0.122	34.7	-0.79	-0.08	-0.69	-0.12
astral_A2	Astral HCD	ppm	24.4	0.303	27.8	2.97	1.02	5.4	3.1
astral_B1	Astral HCD	ppm	29.7	0.243	29.1	2.95	-1.99	2.43	0.22
astral_B3	Astral HCD	ppm	28.0	0.307	29.3	4.67	0.79	8.78	9.15
lumos_lfq_5192	Lumos HCD LFQ	ppm	68.8	0.062	34.1	-0.34	0.07	-0.42	-0.32
lumos_lfq_5194	Lumos HCD LFQ	ppm	68.4	0.06	34.1	-0.18	0.21	-0.23	-0.2
lumos_lfq_5199	Lumos HCD LFQ	ppm	69.0	0.05	34.1	-0.07	-0.05	-0.64	0.08
lumos_tmt_5058	Lumos CID TMT	Da	28.1	0.161	49.4	2.62	1.48		
lumos_tmt_5059	Lumos CID TMT	Da	29.2	0.161	43.2	2.99	2.11		
lumos_tmt_5066	Lumos CID TMT	Da	29.9	0.149	52.4	3.51	5.42		
eclipse_tmtpro_10855	Exploris 480 TMTpro	ppm	30.2	0.15	52.3	0.45	-0.77	1.05	-0.88
eclipse_tmtpro_10858	Exploris 480 TMTpro	ppm	26.7	0.18	52.5	-1.8	0.34	3.77	-0.36
eclipse_tmtpro_10863	Exploris 480 TMTpro	ppm	27.3	0.178	51.7	3.59	1.42	1.14	1.11
tims_plasma_30min	timsTOF HT	ppm	12.9	0.13	45.5	1.88	0.03	0.0	0.26
tims_plasma_50min	timsTOF HT	ppm	12.5	0.18	46.3	-0.6	-2.63	0.0	1.0
