dataset	crowded_spectra_pct	tic_lost_top20_pct	tic_lost_top40_pct	tic_lost_top100_pct	peaks_lost_top20_pct	peaks_lost_top40_pct	peaks_lost_top100_pct
velos_125_R1	99.6	23.4	9.9	0.0	66.8	40.3	0.0
velos_5000_R2	99.7	23.4	9.8	0.0	67.0	40.5	0.0
velos_25000_R3	99.8	23.1	9.7	0.0	67.1	40.4	0.0
hfx_A2	72.9	5.5	0.9	0.0	16.7	3.4	0.0
hfx_B1	67.9	3.7	0.4	0.0	11.4	1.4	0.0
hfx_B3	72.9	4.8	0.7	0.0	14.7	2.4	0.0
astral_A2	99.7	40.4	25.4	6.8	76.4	58.9	24.2
astral_B1	99.7	41.2	26.1	7.1	76.7	59.4	24.9
astral_B3	99.8	41.6	26.5	7.3	77.3	60.2	25.4
lumos_lfq_5192	91.4	7.3	1.7	0.0	24.6	7.4	0.0
lumos_lfq_5194	93.1	7.5	1.8	0.0	25.5	7.8	0.0
lumos_lfq_5199	94.9	7.5	1.8	0.0	25.8	7.7	0.0
lumos_tmt_5058	100.0	21.5	10.3	0.0	68.7	43.1	0.4
lumos_tmt_5059	100.0	23.2	11.6	0.0	70.9	46.2	0.5
lumos_tmt_5066	100	24.0	11.9	0.1	70.0	45.0	0.5
eclipse_tmtpro_10855	73.4	6.3	1.5	0.1	22.8	6.5	0.2
eclipse_tmtpro_10858	67.6	5.1	1.0	0.0	19.2	4.8	0.1
eclipse_tmtpro_10863	70.9	5.4	1.1	0.0	19.6	4.8	0.1
tims_plasma_30min	81.4	12.5	4.8	0.8	28.8	13.8	3.6
tims_plasma_50min	80.7	12.8	4.7	0.8	27.2	12.2	3.2
