dataset	window_ppm	target_ions	decoy_ions	median_ppm	robust_sd_ppm	sd_weak	sd_strong	target_beyond_w_pct	weak_beyond_w_pct	decoy_beyond_w_pct	weak_share_pct
hfx_A2	17.4	55882	4246	-0.91	3.55	5.68	1.99	1.17	2.06	5.68	28.5
hfx_B1	17.04	53960	3863	-0.98	3.66	6.0	2.09	1.38	2.65	6.21	23.6
hfx_B3	17.73	56854	3989	-0.91	3.56	5.78	1.99	0.93	1.74	4.96	26.7
astral_A2	15.01	21316	8198	-2.67	1.78	2.75	1.03	1.23	2.27	11.88	34.3
astral_B1	13.53	26143	7888	-2.18	1.82	2.81	0.99	1.89	3.46	15.82	36.6
astral_B3	12.72	24787	8029	-2.12	1.8	2.79	0.97	2.07	3.98	17.95	35.4
lumos_lfq_5192	15.5	70088	3042	0.45	2.88	6.08	1.65	1.82	4.65	13.05	19.0
lumos_lfq_5194	16.48	71814	3379	0.99	2.86	5.98	1.58	1.4	3.5	9.77	20.3
lumos_lfq_5199	15.67	72332	3632	0.37	2.85	5.93	1.58	1.65	4.22	11.59	20.2
eclipse_tmtpro_10855	12.21	34097	5720	0.76	2.71	3.42	2.11	1.92	3.15	18.79	43.2
eclipse_tmtpro_10858	11.61	30360	5317	-0.31	2.71	3.43	2.13	2.31	3.95	21.16	41.1
eclipse_tmtpro_10863	12.15	31438	5722	0.38	2.77	3.58	2.07	2.26	3.61	22.18	39.6
tims_plasma_30min	20.0	14832	6471	2.35	3.76	5.56	2.29	0.0	0.0	0.0	38.2
tims_plasma_50min	20.0	12948	6109	4.88	3.98	5.71	2.73	0.0	0.0	0.0	30.0
