dataset	group	frag_tic_lost_top20_pct	develop	develop_native	wt40	wt40_seeds	wt40_pct	wt40_z	wt40_native_pct	wt100	wt100_seeds	wt100_pct	wt100_z	wt100_native_pct
hfx_A2	HF-X HCD	5.5	4477.3	3937	4551.3	4534 4549 4571	1.65	2.4	-2.1	4536	4542 4522 4544	1.31	2.0	-2.6
hfx_B1	HF-X HCD	3.7	4284	3809	4283.3	4293 4269 4288	-0.02	-0.0	-2.3	4310	4320 4293 4317	0.61	1.3	-3.4
hfx_B3	HF-X HCD	4.8	4379.7	3946	4386.7	4381 4409 4370	0.16	0.2	-1.3	4455.3	4435 4472 4459	1.73	2.6	-2.2
astral_A2	Astral HCD	40.4	1955.3	1469	2088.3	2103 2029 2133	6.8	3.5	1.0	2255.7	2176 2282 2309	15.36	6.4	2.1
astral_B1	Astral HCD	41.2	2373	1756	2453	2480 2408 2471	3.37	2.3	-2.8	2488	2468 2489 2507	4.85	3.9	-5.9
astral_B3	Astral HCD	41.6	2240.3	1676	2483.7	2492 2518 2441	10.86	10.4	-1.7	2376	2372 2370 2386	6.06	17.0	1.9
lumos_lfq_5192	Lumos HCD LFQ	7.3	5500	5418	5512.7	5510 5503 5525	0.23	1.2	-2.6	5502.3	5491 5509 5507	0.04	0.2	-3.1
lumos_lfq_5194	Lumos HCD LFQ	7.5	5470	5304	5487	5488 5484 5489	0.31	3.0	-2.2	5481.7	5492 5465 5488	0.21	1.2	-2.0
lumos_lfq_5199	Lumos HCD LFQ	7.5	5518.3	5384	5525.3	5523 5532 5521	0.13	1.1	-1.9	5542.3	5557 5537 5533	0.43	2.6	-2.6
eclipse_tmtpro_10855	Exploris 480 TMTpro	6.3	2418.3	2003	2368	2342 2397 2365	-2.08	-2.5	-6.6	2340.7	2374 2338 2310	-3.21	-3.5	-3.8
eclipse_tmtpro_10858	Exploris 480 TMTpro	5.1	2132.3	1786	2156.7	2145 2160 2165	1.14	1.2	-7.8	2105.3	2041 2141 2134	-1.27	-0.7	-6.7
eclipse_tmtpro_10863	Exploris 480 TMTpro	5.4	2184	1849	2265.7	2269 2309 2219	3.74	2.5	-3.2	2244	2229 2279 2224	2.75	2.3	-1.7
tims_plasma_30min	timsTOF HT	12.5	1030.3	842	1057.7	1035 1067 1071	2.65	1.8	-0.5	1048.3	1042 1059 1044	1.75	1.5	2.9
tims_plasma_50min	timsTOF HT	12.8	999.7	866	1061.3	1068 1019 1097	6.17	2.3	-6.1	1071	1042 1086 1085	7.14	3.5	-4.6
