dataset	spectra	peaks	per100	zero_pct	top20_peaks_pct	top20_tic_pct	dyn_log10	tic_below200_pct
velos_125_R1	8000	663	59.8	0.0	34.0	76.7	2.2	1.4
velos_5000_R2	8000	663	60.7	0.0	33.9	76.8	2.2	1.4
velos_25000_R3	7997	659	60.4	0.0	33.8	77.1	2.2	1.4
hfx_A2	8000	176	17.2	0.0	77.9	92.8	1.44	23.7
hfx_B1	8000	141	14.1	0.0	82.9	94.4	1.33	24.6
hfx_B3	8000	167	15.9	0.0	79.8	93.4	1.4	23.5
astral_A2	8000	980	88.4	0.0	24.5	60.8	1.94	7.7
astral_B1	8000	999	89.3	0.0	24.1	59.8	1.95	7.5
astral_B3	8000	1012	90.8	0.0	23.5	59.5	1.96	7.6
lumos_lfq_5192	8000	174	15.1	0.0	75.4	92.7	1.48	0.0
lumos_lfq_5194	8000	181	15.7	0.0	74.5	92.5	1.5	0.0
lumos_lfq_5199	7998	180	15.5	0.0	74.2	92.5	1.51	0.0
lumos_tmt_5058	8000	765	61.1	0.0	32.1	78.5	2.4	0.6
lumos_tmt_5059	8000	801	66.5	0.0	29.8	76.9	2.4	0.8
lumos_tmt_5066	8000	822	63.0	0.0	30.7	76.1	2.39	0.6
eclipse_tmtpro_10855	8000	250	21.3	0.0	63.6	79.1	1.61	49.9
eclipse_tmtpro_10858	8000	219	18.7	0.0	67.2	81.0	1.52	48.6
eclipse_tmtpro_10863	8000	226	19.3	0.0	66.3	80.2	1.55	48.8
tims_plasma_30min	8000	210	13.8	0.0	71.6	87.6	1.5	1.5
tims_plasma_50min	8000	207	13.5	0.0	73.4	87.3	1.38	1.8
