dataset	group	sage_seed_psms	sage_mean	prose_mean	andes_mean	sage_native	sage_builtin_q_rows	sage_builtin_q_unique_scans	sage_spectra	candidate_rows	pin_sha256	search_seconds	search_peak_rss_kib
velos_125_R1	Velos CID	[2930, 2953, 2976]	2953	2907	3035	0	2675	2625	7954	79514	55b637301b143fcfe072f949cfe0d0812965bacaba04c6a806057d570db27b7b	93.00606486899778	4407096
velos_5000_R2	Velos CID	[2870, 2915, 2871]	2885.3333333333335	2945.6666666666665	3002.6666666666665	0	2654	2604	7895	78513	30da38eacc393fb86971b4f2867a34bbc67003ca26c443ab32940b66b1be5e7f	83.96979600899795	4338076
velos_25000_R3	Velos CID	[2863, 2951, 2945]	2919.6666666666665	2777	2964	0	2759	2689	7641	75057	c357f2689a7d4e935f88f6715019cc44a5780e1de805f7f09202024d825d9f96	90.60324256999593	4616272
hfx_A2	HF-X HCD	[4386, 4462, 4486]	4444.666666666667	4494.333333333333	4689.666666666667	2747	4464	4132	7510	65845	367e979377db7ca0a17609d143481810f13040482cff9a99b8bc621791608da4	28.057746030994167	4714532
hfx_B1	HF-X HCD	[4558, 4533, 4560]	4550.333333333333	4304.333333333333	4722.333333333333	2652	4526	4190	7535	64487	cb7d886cf703622d0ca818ce840766bd250239869f15deed9f070cce8f751508	27.010448512002768	4752712
hfx_B3	HF-X HCD	[4483, 4440, 4420]	4447.666666666667	4351.333333333333	4699.666666666667	2915	4552	4167	7588	66765	64f584d6f2bc69de169dcfa4364a30ab91874265328a71556930b5c39fba617a	27.248359484001412	4729372
astral_A2	Astral HCD	[2161, 2131, 2152]	2148	1978.3333333333333	2839	1035	1638	1584	7439	63619	a6b8df9174935dd16ca61271337d2acac66d7810b2b3fce6bde43ed607db7249	29.85602923899569	4769796
astral_B1	Astral HCD	[2172, 2147, 2176]	2165	2286	3175	1043	2009	1922	7528	64668	dc301c94de60d08d9ca148933085bbeb3dbe92c5a86610bc62a3bd11b182372f	30.297765745002835	4661804
astral_B3	Astral HCD	[2274, 2345, 2282]	2300.3333333333335	2222	3207.3333333333335	1065	2078	1974	7501	64298	2b06764bc0c8e37b9db6c240b7328ab47c4e6faf5a6e8a75e999b268775718cc	31.568522525994922	5029884
lumos_lfq_5192	Lumos HCD LFQ	[5633, 5640, 5652]	5641.666666666667	5476.333333333333	5590.666666666667	4861	5995	5339	7579	65962	f669a6d6b8c97f1694617adc32518a1977818c8c2ab6ed189916967fc44a50bf	27.62466135199793	4408296
lumos_lfq_5194	Lumos HCD LFQ	[5597, 5582, 5600]	5593	5460	5640	4928	6042	5341	7582	66998	4345b1060d35013096b9019ee7b208761bdd7f807f37255121171d9c3c704c7b	27.289677159002167	4414436
lumos_lfq_5199	Lumos HCD LFQ	[5570, 5578, 5587]	5578.333333333333	5502	5618	4936	6064	5345	7640	67900	f6a3594dfac1571525ef7d122d1e4e389a7bfb6ddf6512aa932c5a9484ad846b	27.412790777001646	4177972
lumos_tmt_5058	Lumos CID TMT	[2329, 2304, 2287]	2306.6666666666665	2329	2440.3333333333335	0	2223	2183	7766	77143	9cae97229cbf4266f0f5bf70c036d8231827d98423b07fa58bce6d5fa961872c	76.51336658299988	4405160
lumos_tmt_5059	Lumos CID TMT	[2423, 2406, 2378]	2402.3333333333335	2341.6666666666665	2393.3333333333335	0	1951	1930	7738	76579	7309afd07fe0c27c723b1c43a537d9edd7c8ef7ea0bdc4411e1ce8610cca837d	75.12894933099597	4179688
lumos_tmt_5066	Lumos CID TMT	[2537, 2503, 2431]	2490.3333333333335	2526	2573	0	2360	2316	7778	77247	93b38542fc3d380e09c251a46594361a6a835bb48b6ea4edbe59ebbb6c326880	83.44688995299657	4206764
eclipse_tmtpro_10855	Exploris 480 TMTpro	[2711, 2706, 2709]	2708.6666666666665	2364	2686.3333333333335	2316	2712	2547	6778	62665	b680c38cd18412cf4daabedaa847f91e83bf264d0040eb99ff3a7a4505701d42	19.49517266100156	3576572
eclipse_tmtpro_10858	Exploris 480 TMTpro	[2494, 2576, 2566]	2545.3333333333335	2128.6666666666665	2370	2068	2451	2314	6346	57885	6ad620a76418fa8748f36a4478c76496fb7fd60186e187b2847de9573a0da510	20.462084894003056	3422092
eclipse_tmtpro_10863	Exploris 480 TMTpro	[2547, 2526, 2532]	2535	2249.6666666666665	2451.3333333333335	2047	2416	2291	6576	60096	e31d7d606e10ad65ed87b897714f2d1838c0a8b771662cf4464408657284cb9a	19.903517808998004	3575152
tims_plasma_30min	timsTOF HT	[1094, 1063, 1079]	1078.6666666666667	1030.3333333333333	1013	724	924	901	5104	34496	c047f506509abf844c50d631f932502f89a049ab64b2da1e0dfe0a7828c5a9a9	20.727701693998824	3447184
tims_plasma_50min	timsTOF HT	[1072, 1030, 962]	1021.3333333333334	1045.6666666666667	915	631	901	892	5017	31635	d3ba8db36c8c4fe94f52a54d1b39f9fd7b2ae3222f95f50f9c1a4884e1491e3b	20.126219357996888	3767820
