dataset	arm	psms	entrapment	fdp_lower_pct	fdp_combined_pct	gained_psms	gained_entrapment	gained_fdp_combined_pct
astral_A2	base_E	1892.3	13	0.69	1.37	0	0	
astral_A2	pf_E	1794.7	9.3	0.52	1.04	677	13	3.8
astral_A2	f78x_E	1940	12.3	0.64	1.27	355	11	6.2
astral_B1	base_E	2156	20.7	0.96	1.92	0	0	
astral_B1	pf_E	2219.3	20	0.9	1.8	1075	38	7.1
astral_B1	f78x_E	2245.7	21.7	0.96	1.93	510	16	6.3
astral_B3	base_E	2173.7	24.7	1.13	2.27	0	0	
astral_B3	pf_E	2221	29	1.31	2.61	996	53	10.6
astral_B3	f78x_E	2193.7	19.3	0.88	1.76	406	18	8.9
tims_plasma_30min	base_E	984.7	4	0.41	0.81	0	0	
tims_plasma_30min	pf_E	972.7	3	0.31	0.62	73	5	13.7
tims_plasma_30min	f78x_E	971.7	3	0.31	0.62	85	3	7.1
tims_plasma_50min	base_E	944	1.3	0.14	0.28	0	0	
tims_plasma_50min	pf_E	971.3	4	0.41	0.82	248	9	7.3
tims_plasma_50min	f78x_E	957.3	3	0.31	0.63	159	7	8.8
