dataset	peaks_after_deisotope	lost_mean_pct	spectra_lost_gt10_pct	spectra_lost_gt20_pct	spectra_lost_gt30_pct
velos_125_R1	663	23.5	94.4	67.3	22.3
velos_5000_R2	663	23.5	94.9	67.4	21.4
velos_25000_R3	659	23.2	94.0	65.3	21.2
hfx_A2	168	7.3	33.8	2.8	0.0
hfx_B1	136	5.7	21.1	0.4	0.0
hfx_B3	160	6.7	29.5	1.2	0.0
astral_A2	944	41.1	98.8	95.8	87.2
astral_B1	964	42.0	98.9	96.2	89.6
astral_B3	977	42.4	99.0	96.7	90.5
lumos_lfq_5192	166	7.5	29.4	1.2	0.0
lumos_lfq_5194	172	7.7	30.1	1.4	0.0
lumos_lfq_5199	172	7.8	29.7	1.2	0.0
lumos_tmt_5058	765	21.7	83.5	50.8	23.7
lumos_tmt_5059	801	23.3	88.0	58.4	28.9
lumos_tmt_5066	822	24.1	88.0	58.0	30.2
eclipse_tmtpro_10855	201	8.3	34.1	6.2	0.3
eclipse_tmtpro_10858	177	7.2	29.2	3.4	0.2
eclipse_tmtpro_10863	183	7.7	30.7	4.2	0.1
tims_plasma_30min	200	12.2	45.9	25.4	10.9
tims_plasma_50min	199	12.6	46.2	25.8	12.2
