fragment_mz,point_count,method,raw_picked_peak_count,picked_peak_count,picked_peak_count_delta,raw_picked_integrated_intensity,picked_integrated_intensity,picked_integrated_intensity_change_percent,raw_median_picked_fwhm_seconds,median_picked_fwhm_seconds,median_picked_fwhm_change_percent,raw_trace_auc,smoothed_trace_auc,trace_auc_change_percent,median_filter_ms
359.23961886651466,2892,modified_sinc,56,35,-21,3184549959.125,3326116384.4375,4.445413861599375,13.074105262756348,46.087120056152344,252.5068762253183,18904587909.051388,19012379660.978783,0.5701883185498315,0.03389996709302068
201.12322256710206,2892,modified_sinc,72,44,-28,1900576408.25,2089108955.0,9.919756234562321,16.979201316833496,51.434194564819336,202.92469948999613,12560125213.381992,12813021404.173302,2.013484630884611,0.03390002530068159
375.2324407785639,2892,modified_sinc,79,51,-28,1355813206.375,1447406257.28125,6.755580376085861,13.777120590209961,45.758460998535156,232.13370456415382,8934343620.289785,8969056111.87051,0.3885287275261394,0.031200004741549492
260.19658598616365,2892,modified_sinc,106,66,-40,1091309964.5,1215354235.5625,11.366548010888248,16.697202682495117,46.611717224121094,179.15883942037502,7831907857.71014,7859532823.65609,0.352723326778597,0.03560003824532032
244.16538780533713,2892,modified_sinc,93,53,-40,950196204.0625,1002614995.6875,5.516628186987801,16.340898513793945,50.58669662475586,209.5710837568313,6455244075.906077,6470820910.738078,0.2413051257061,0.03519997699186206
288.20266792487143,2892,modified_sinc,83,58,-25,776651205.875,850921732.875,9.562919163477568,14.628011703491211,46.455148696899414,217.57664430779846,5376336573.34762,5444835444.156927,1.2740807773992415,0.033400021493434906
204.13413918512205,2892,modified_sinc,80,50,-30,755299587.4375,841506356.0625,11.413586086743823,15.928955078125,46.20969772338867,190.0987384090735,5311010025.9679785,5330782591.19072,0.37229387867964725,0.032999960239976645
374.2389074963263,2892,modified_sinc,56,33,-23,675316842.5625,866313297.53125,28.282495405269483,14.201873302459717,43.52946090698242,206.50506436670764,5139089539.881563,5213803256.882244,1.4538317813081496,0.031200004741549492
258.1449677589024,2892,modified_sinc,94,53,-41,486394573.171875,621988823.890625,27.87741849883586,15.964918613433838,50.35714340209961,215.42374014814015,4332233920.547542,4334940181.432417,0.0624680230686449,0.03190001007169485
371.2317647786274,2892,modified_sinc,40,34,-6,558735571.875,629049615.0625,12.584493761788021,15.818291664123535,47.52104187011719,200.41829344882197,3421480131.4203978,3577994642.418906,4.574467919927181,0.03320001997053623
361.1932781647879,2892,modified_sinc,63,40,-23,510216964.125,570502830.09375,11.815731386379449,13.343156814575195,42.23393440246582,216.52130743402657,3107670285.043274,3219888788.3797297,3.6110170334525433,0.034699973184615374
215.13875239834994,2892,modified_sinc,109,61,-48,518143164.8125,588373221.1171875,13.554179824045654,17.32172203063965,49.44645309448242,185.45922285912866,4095511742.775091,4103289906.773674,0.18991922101808964,0.031400006264448166
487.2979573811516,2892,modified_sinc,10,16,6,578464271.75,636061899.625,9.956989685940789,9.545663356781006,36.413930892944336,281.4709311645353,3227265142.65359,3428386007.1241155,6.231928756406901,0.03349996404722333
226.11840029955746,2892,modified_sinc,87,60,-27,314740036.359375,413642320.9453125,31.423483878933457,20.07594108581543,50.04604721069336,149.28369233984841,3160759892.1625056,3161553703.9471397,0.02511458673600825,0.030700000934302807
251.14997537510666,2892,modified_sinc,97,58,-39,409898565.828125,466874329.40625,13.899966559535503,15.671642303466797,50.25542449951172,220.67746013061108,3115654363.6113815,3129034361.967803,0.4294442449294215,0.03209995338693261
590.2885777661473,2892,modified_sinc,2,7,5,543677415.0,611000863.375,12.382976838388624,19.371312141418457,36.54090118408203,88.63410448047397,3019525898.9915175,3301355486.386729,9.333570792995637,0.030800001695752144
360.2428006672309,2892,modified_sinc,57,34,-23,501361486.21875,540023494.375,7.711403691543492,12.969295501708984,46.822195053100586,261.02342680780737,3041039140.9972153,3060361077.9931536,0.6353728479010061,0.03139994805678725
240.1340525133335,2892,modified_sinc,87,55,-32,283424463.3671875,387850782.640625,36.84449748367314,16.70561981201172,51.868534088134766,210.48554122391866,2820638306.8165126,2820927055.8920546,0.010237011772979396,0.031200004741549492
200.13919718188106,2892,modified_sinc,99,54,-45,383153975.96875,457115137.125,19.303247726778714,15.419400215148926,46.73702049255371,203.10530786169303,2917032053.6046305,2925419170.5372033,0.2875222753280591,0.031299947295337915
285.00926393212916,2892,modified_sinc,134,134,0,122314532.28125,315406306.40625,157.8649490977939,20.847089767456055,56.00219917297363,168.6331751705577,3026935931.4115553,3026727030.5723534,-0.006901396129138094,0.031400006264448166
271.17611885052105,2892,modified_sinc,91,64,-27,362099833.53125,426645127.84375,17.825275886775465,16.43764877319336,46.47718620300293,182.748383569299,2716459728.1904945,2730256002.532491,0.5078770061938939,0.032800016924738884
519.2517178071714,2892,modified_sinc,3,8,5,456478175.5,513304254.8125,12.448805301645796,17.642568588256836,37.870262145996094,114.65276984215961,2533753259.0251374,2766911911.7082148,9.202105684623183,0.03190001007169485
272.17140133473765,2892,modified_sinc,89,57,-32,310995522.453125,361914179.796875,16.372794354756262,16.378807067871094,47.11751937866211,187.6736943259349,2298932929.8804083,2307077582.722083,0.3542797067202171,0.03130000550299883
233.16457986365603,2892,modified_sinc,95,60,-35,403681848.25,426068754.375,5.5456806448071445,15.411381721496582,46.09550476074219,199.10040250606357,2412181242.520499,2455215763.6949115,1.7840500711897287,0.0323000131174922
228.1340910287014,2892,modified_sinc,84,52,-32,372767886.59375,408308316.921875,9.53419852039392,15.79654836654663,46.146005630493164,192.1271442324675,2569521103.282225,2585696314.3092933,0.6295029453701094,0.03409996861591935
248.16026818932556,2892,modified_sinc,66,39,-27,472096318.0625,513353639.84375,8.739174656259026,13.752552032470703,48.43465042114258,252.18663639145012,2893264264.8943224,2948498847.319441,1.9090749191255059,0.03400002606213093
291.1658241475817,2892,modified_sinc,10,23,13,417755515.3125,473849705.5,13.427516365771739,13.293099880218506,40.216487884521484,202.53656593950473,2348316154.392856,2559059398.1494255,8.974227910596468,0.031800009310245514
218.14966556904272,2892,modified_sinc,104,53,-51,351276844.203125,377099896.109375,7.351196736246549,15.630552768707275,47.13383102416992,201.54935479014492,2371302567.744413,2389350704.4452534,0.7611064461507285,0.032400013878941536
229.1297078634015,2892,modified_sinc,69,39,-30,334015102.640625,373973600.640625,11.963081215220475,15.467220306396484,47.678096771240234,208.25252260435516,2330024216.5413437,2350206079.3289657,0.8661653661943333,0.03060000017285347
246.15555387741458,2892,modified_sinc,65,39,-26,309122040.515625,364144227.796875,17.799503131342984,15.299639701843262,46.925331115722656,206.70873321330052,2192380943.8068976,2229826863.9369597,1.708002445279432,0.031200004741549492
235.11326918669994,2892,modified_sinc,9,65,56,814714.6630859375,14951651.155761719,1735.2009400602371,14.786513328552246,40.025394439697266,170.6885223740313,79479368.19666961,82979146.51562104,4.4033796422378675,0.031200004741549492
617.3617061349582,2892,modified_sinc,5,10,5,339000160.625,380544706.75,12.25502254878172,17.5092830657959,39.73276329040527,126.92398735629892,1849717472.178493,2015052930.7275631,8.938416868298667,0.03509997623041272
261.1567721596527,2892,modified_sinc,101,68,-33,331870348.734375,378384523.578125,14.015767006946252,14.407854080200195,44.315053939819336,207.57567152709242,2242007174.4893637,2271636253.776929,1.321542572418998,0.032400013878941536
373.28054031947966,2892,modified_sinc,67,45,-22,342243295.78125,365140341.3125,6.690283144621478,13.363473892211914,43.86555480957031,228.24963900393203,2036267039.658148,2110145288.9540389,3.6281218453692405,0.03339996328577399
363.1954026672636,2892,modified_sinc,27,34,7,249131238.03125,289114250.046875,16.048975765379407,13.283166885375977,41.56013870239258,212.8782395119041,1554354585.4825568,1646069645.1466863,5.9005236334575555,0.031100003980100155
255.14521097324018,2892,modified_sinc,92,59,-33,237574473.3046875,286159315.2265625,20.45036288876259,16.85664176940918,51.23923110961914,203.97057617138327,1957893401.4556718,1957989504.9267297,0.004908513966411041,0.030700000934302807
212.1036333600123,2892,modified_sinc,98,50,-48,212087956.078125,254831434.4140625,20.153656589623814,16.785568237304688,55.656911849975586,231.5759768339698,1794180700.1753836,1794158846.3104117,-0.001218041469832994,0.03170000854879618
237.12958003100675,2892,modified_sinc,84,55,-29,159933200.52734375,190332591.43359375,19.00755490793334,15.585922718048096,51.35934066772461,229.5239017722821,1210903013.8971405,1221126222.810006,0.8442632312858216,0.03200001083314419
213.15958701526242,2892,modified_sinc,87,53,-34,306999916.3984375,326032098.03125,6.19940938619401,16.387588500976562,45.90660095214844,180.13030074200844,1972447100.2892945,1987669886.9889107,0.7717716078359466,0.03190001007169485
227.1047051134235,2892,modified_sinc,103,61,-42,163026244.71484375,214702434.03515625,31.698079907748323,16.896709442138672,52.65047836303711,211.60196334874635,1548201002.0853636,1548901442.763856,0.045242231309038206,0.03270001616328955
217.08575818988595,2892,modified_sinc,70,51,-19,199712742.6328125,246726410.1171875,23.54064486051013,15.020440101623535,46.97832107543945,212.76261386217067,1523000459.0723615,1546693821.3946857,1.5557029008878682,0.03060000017285347
211.14413180541268,2892,modified_sinc,107,65,-42,234934310.390625,266031836.2734375,13.236689792609125,17.047256469726562,52.32443618774414,206.93757837611406,1854204800.5086305,1856664573.921524,0.1326592085307291,0.031200004741549492
223.15488269349765,2892,modified_sinc,95,61,-34,216567050.1171875,270698357.21875,24.995172198296686,15.272237777709961,52.075721740722656,240.98291618224988,1813569663.151816,1818542776.3644855,0.2742168284854744,0.031800009310245514
355.06946467313736,2892,modified_sinc,127,132,5,70329382.90625,202387433.21875,187.77080767015278,20.679899215698242,52.925790786743164,155.92866887168802,1989047410.1557064,1989012007.8862166,-0.001779860515591924,0.03130000550299883
262.13935914066326,2892,modified_sinc,80,51,-29,242936790.328125,293909498.65625,20.981881031390184,14.771130561828613,43.56458282470703,194.93059209215934,1855801059.6422176,1865570183.0936007,0.5264100589136702,0.031200004741549492
245.1254738653262,2892,modified_sinc,78,52,-26,255500858.65625,295037607.734375,15.474213779969174,15.57165813446045,46.014652252197266,195.50258459865458,1728324069.5516737,1767637063.0392702,2.274630908646333,0.031400006264448166
234.14462883919984,2892,modified_sinc,78,45,-33,281377064.828125,298152050.75,5.961746005176986,13.563035488128662,48.79991912841797,259.8008658985752,1852272096.0941622,1868181942.0891893,0.8589367635875821,0.03360002301633358
219.14903627611866,2892,modified_sinc,81,51,-30,302843809.46875,317929319.5625,4.981283956311694,13.08999252319336,45.42405700683594,247.0136207209578,1769831673.5770378,1818889809.9127228,2.771909728371668,0.03170000854879618
376.23430690634154,2892,modified_sinc,74,51,-23,210457992.9296875,227107817.1484375,7.911233965018656,13.991261005401611,44.25297927856445,216.29014183553355,1405997027.602474,1412289857.5904298,0.4475706466240851,0.031200004741549492
322.18694319282145,2892,modified_sinc,91,64,-27,268594750.828125,294552418.3125,9.664249730995461,14.794463157653809,45.660980224609375,208.63560061648468,1788570995.8777246,1798572892.1635256,0.5592115889642164,0.03709999145939946
207.11264144771198,2892,modified_sinc,107,59,-48,237354257.2265625,246045177.3828125,3.6615817461214646,15.596280097961426,49.163211822509766,215.22396054515485,1695792820.6270447,1697999055.2182012,0.13010047951144732,0.03250001464039087
294.1809273454739,2892,modified_sinc,101,61,-40,257274746.421875,277486753.0,7.8561953161860965,15.754076957702637,46.648380279541016,196.10354452872744,1671864487.9179108,1677239047.8713799,0.3214710278440301,0.03170000854879618
304.1635941434774,2892,modified_sinc,70,43,-27,179881793.265625,241087917.671875,34.02574729498561,13.596630573272705,47.298851013183594,247.87185515035122,1494187206.9318414,1507910661.4698792,0.918456166293745,0.032400013878941536
257.16078472143806,2892,modified_sinc,97,60,-37,199566171.0390625,249217802.53125,24.879783599430205,15.39780044555664,48.85009574890137,217.25372673600333,1654500639.0441725,1658573880.283907,0.2461915785108175,0.03190001007169485
515.3295794596664,2892,modified_sinc,19,17,-2,262739553.71875,287393075.65625,9.383254857732766,12.536539077758789,42.160606384277344,236.30179846904426,1429000719.1663342,1542702682.9542186,7.956746435664298,0.03170000854879618
242.18611563839534,2892,modified_sinc,103,60,-43,204055510.640625,228765277.8125,12.109335883309187,17.261226654052734,48.27069664001465,179.6481247100782,1588754771.1286755,1591683030.3622286,0.1843115933790645,0.03260001540184021
357.2492773444739,2892,modified_sinc,82,51,-31,247243021.2109375,261539480.8828125,5.782351146598331,16.726871490478516,45.465118408203125,171.80885818417008,1571129588.3344357,1587329716.2235682,1.0311134109762619,0.05000003147870302
225.12356505040188,2892,modified_sinc,93,54,-39,200693406.78125,230760977.2578125,14.981842681725604,16.692251205444336,51.67914009094238,209.59958279376207,1559853036.9320319,1561174993.5271547,0.08474879131708972,0.032400013878941536
333.1882796290271,2892,modified_sinc,25,36,11,226208036.28125,268053364.4375,18.498603694266052,12.378992080688477,41.48475646972656,235.12224742791275,1441849864.6102695,1514527862.3906674,5.040607872168624,0.032699957955628633
342.2115605203809,2892,modified_sinc,67,40,-27,212536119.40625,225669365.828125,6.179300938854346,13.624171257019043,47.752140045166016,250.49574131391344,1295845726.8813634,1301694414.5532734,0.4513413557326569,0.03190001007169485
209.09200913675264,2892,modified_sinc,102,55,-47,169858591.6484375,206725376.14453125,21.704397839585457,16.71104621887207,52.797950744628906,215.94641085369796,1534788133.6580663,1535134519.6774042,0.022568979505484206,0.030700000934302807
243.13376635318278,2892,modified_sinc,100,60,-40,204964343.6953125,226010348.58203125,10.268129815791013,15.492771625518799,50.82884979248047,228.08106271158172,1511812518.9938767,1517207460.9682665,0.35685257970877027,0.032699957955628633
470.2720230196127,2892,modified_sinc,21,23,2,221139729.21875,242236088.03125,9.539832072251304,12.58187198638916,41.47355270385742,229.6294283451839,1236183787.0492938,1310406215.6580498,6.004158069887095,0.031400006264448166
369.2241242777943,2892,modified_sinc,79,45,-34,128736697.94140625,193158008.41015625,50.041139394511255,20.43779945373535,54.47500991821289,166.54048564047665,1424784465.4984713,1424608132.2666056,-0.012376133803785752,0.03250001464039087
359.23961886651466,2892,savitzky_golay,56,46,-10,3184549959.125,3343941616.0,5.00515485455895,13.074105262756348,40.375003814697266,208.81657293759014,18904587909.051388,19029244203.75372,0.6593970484944924,0.01750001683831215
201.12322256710206,2892,savitzky_golay,72,54,-18,1900576408.25,2063543039.625,8.574589827990938,16.979201316833496,44.493024826049805,162.0442740256492,12560125213.381992,12780186002.903738,1.7520588830379278,0.016400008462369442
375.2324407785639,2892,savitzky_golay,79,60,-19,1355813206.375,1456244427.3125,7.407452624393604,13.777120590209961,41.34379577636719,200.0902511207323,8934343620.289785,9065834149.216557,1.4717424638577565,0.01780001912266016
260.19658598616365,2892,savitzky_golay,106,72,-34,1091309964.5,1218378759.3125,11.643694179106893,16.697202682495117,45.159664154052734,170.46245417741062,7831907857.71014,7877296583.309858,0.579536000989019,0.01799996243789792
244.16538780533713,2892,savitzky_golay,93,64,-29,950196204.0625,993939053.875,4.603559730661982,16.340898513793945,43.88164710998535,168.53876531295546,6455244075.906077,6482121951.167405,0.4163727187581995,0.016400008462369442
288.20266792487143,2892,savitzky_golay,83,65,-18,776651205.875,850135763.15625,9.461719331068307,14.628011703491211,42.31451416015625,189.27044233945486,5376336573.34762,5489898603.787729,2.1122567177634664,0.01680001150816679
204.13413918512205,2892,savitzky_golay,80,59,-21,755299587.4375,845413580.90625,11.930894040930058,15.928955078125,41.83393096923828,162.6282186374435,5311010025.9679785,5351969463.247902,0.7712174723763249,0.016900012269616127
374.2389074963263,2892,savitzky_golay,56,43,-13,675316842.5625,870851501.75,28.954506516606454,14.201873302459717,41.204524993896484,190.13443590402963,5139089539.881563,5221271097.825493,1.5991462555023637,0.016600009985268116
258.1449677589024,2892,savitzky_golay,94,69,-25,486394573.171875,624512285.875,28.396228149181876,15.964918613433838,43.055973052978516,169.69115280518025,4332233920.547542,4342100906.686893,0.22775746463166,0.017000013031065464
371.2317647786274,2892,savitzky_golay,40,45,5,558735571.875,622070675.375,11.335434271252966,15.818291664123535,40.477500915527344,155.89047019111297,3421480131.4203978,3549568478.404523,3.7436530993663952,0.018199963960796595
361.1932781647879,2892,savitzky_golay,63,52,-11,510216964.125,581335438.21875,13.938868970324243,13.343156814575195,37.45393943786621,180.69773861125552,3107670285.043274,3247634405.9428277,4.503827885898287,0.016600009985268116
215.13875239834994,2892,savitzky_golay,109,77,-32,518143164.8125,590184919.5234375,13.903831914294804,17.32172203063965,44.0390625,154.24182666192885,4095511742.775091,4103584586.816456,0.19711441569190974,0.01650000922381878
487.2979573811516,2892,savitzky_golay,10,20,10,578464271.75,628563788.0,8.660779705276585,9.545663356781006,35.01553916931152,266.82143357210833,3227265142.65359,3394108054.7942567,5.169792526048274,0.017000013031065464
226.11840029955746,2892,savitzky_golay,87,70,-17,314740036.359375,396002615.328125,25.81895201790062,20.07594108581543,43.788002014160156,118.11182761986875,3160759892.1625056,3161684010.7175603,0.02923722733087479,0.016799953300505877
251.14997537510666,2892,savitzky_golay,97,73,-24,409898565.828125,461324835.375,12.546096481937584,15.671642303466797,44.0390625,181.01115152595025,3115654363.6113815,3134903567.823489,0.617822196098663,0.016899954061955214
590.2885777661473,2892,savitzky_golay,2,5,3,543677415.0,609586185.125,12.122771391009502,19.371312141418457,41.196937561035156,112.66983496151813,3019525898.9915175,3292989736.0638943,9.056515698829081,0.01680001150816679
360.2428006672309,2892,savitzky_golay,57,48,-9,501361486.21875,544526158.5,8.609491049421523,12.969295501708984,37.55950164794922,189.6032528752232,3041039140.9972153,3063868495.5264955,0.7507090001411163,0.016799953300505877
240.1340525133335,2892,savitzky_golay,87,73,-14,283424463.3671875,374527884.453125,32.1438100309321,16.70561981201172,40.56420135498047,142.81769734645758,2820638306.8165126,2822801516.6214647,0.0766922082751415,0.01869996776804328
200.13919718188106,2892,savitzky_golay,99,68,-31,383153975.96875,450563816.34375,17.593407507925207,15.419400215148926,41.6414852142334,170.05904661143924,2917032053.6046305,2933940694.1977344,0.579652204102782,0.017900019884109497
285.00926393212916,2892,savitzky_golay,134,221,87,122314532.28125,296795678.625,142.64956345706176,20.847089767456055,26.650800704956055,27.83942987840945,3026935931.4115553,3026519838.906252,-0.0137463268047879,0.01799996243789792
271.17611885052105,2892,savitzky_golay,91,83,-8,362099833.53125,430554461.359375,18.904904528827192,16.43764877319336,40.97760009765625,149.29112833024408,2716459728.1904945,2734041307.7650967,0.6472240096971245,0.017599959392100573
519.2517178071714,2892,savitzky_golay,3,6,3,456478175.5,512095223.625,12.183944624314247,17.642568588256836,41.68557167053223,136.27835970709378,2533753259.0251374,2760098428.6202846,8.93319697918153,0.017600017599761486
272.17140133473765,2892,savitzky_golay,89,71,-18,310995522.453125,358836049.890625,15.383027723401,16.378807067871094,42.02405548095703,156.57580131945036,2298932929.8804083,2315851530.666127,0.7359327697567511,0.017700018361210823
233.16457986365603,2892,savitzky_golay,95,70,-25,403681848.25,424117560.375,5.062331193139052,15.411381721496582,42.10705375671387,173.2204971471234,2412181242.520499,2474959158.6055155,2.602537279471559,0.016600009985268116
228.1340910287014,2892,savitzky_golay,84,62,-22,372767886.59375,416695448.4375,11.784159371974857,15.79654836654663,41.71409606933594,164.07095462497725,2569521103.282225,2594377902.5674286,0.9673708946562909,0.0171000137925148
248.16026818932556,2892,savitzky_golay,66,52,-14,472096318.0625,517660233.078125,9.65140232455549,13.752552032470703,42.073387145996094,205.93148854596578,2893264264.8943224,2967666118.714827,2.571554030624376,0.01680001150816679
291.1658241475817,2892,savitzky_golay,10,19,9,417755515.3125,475228104.3125,13.757469834242142,13.293099880218506,41.5648193359375,212.67965869864716,2348316154.392856,2572115078.928346,9.530187156309537,0.018899969290941954
218.14966556904272,2892,savitzky_golay,104,67,-37,351276844.203125,389067450.234375,10.758069213750302,15.630552768707275,41.520301818847656,165.6355308301844,2371302567.744413,2398777150.928178,1.1586283234154637,0.017700018361210823
229.1297078634015,2892,savitzky_golay,69,52,-17,334015102.640625,379527483.921875,13.625845334969144,15.467220306396484,36.8448600769043,138.21255110504288,2330024216.5413437,2352451449.1904945,0.9625321698347636,0.018200022168457508
246.15555387741458,2892,savitzky_golay,65,48,-17,309122040.515625,354327742.921875,14.623901398569156,15.299639701843262,42.05347442626953,174.8657827622113,2192380943.8068976,2227068327.889718,1.582178689374507,0.01750001683831215
235.11326918669994,2892,savitzky_golay,9,97,88,814714.6630859375,15074649.298095703,1750.2980222544004,14.786513328552246,29.03458595275879,96.35856883646808,79479368.19666961,85319507.17968589,7.347993719030343,0.017400016076862812
617.3617061349582,2892,savitzky_golay,5,8,3,339000160.625,376898241.375,11.179369555497832,17.5092830657959,41.82485008239746,138.87243084270898,1849717472.178493,1997839945.735342,8.00784313197835,0.01750001683831215
261.1567721596527,2892,savitzky_golay,101,80,-21,331870348.734375,378286193.1484375,13.986137836981989,14.407854080200195,42.30989074707031,193.65851785807664,2242007174.4893637,2293265182.5375533,2.2862553086996296,0.0173999578692019
373.28054031947966,2892,savitzky_golay,67,55,-12,342243295.78125,363990789.59375,6.354395858319528,13.363473892211914,40.95707321166992,206.4852263866752,2036267039.658148,2129788733.3264115,4.592801034778033,0.018200022168457508
363.1954026672636,2892,savitzky_golay,27,41,14,249131238.03125,288644643.125,15.860477957723472,13.283166885375977,35.83848190307617,169.80374644342032,1554354585.4825568,1664833674.5225375,7.107714679252669,0.017400016076862812
255.14521097324018,2892,savitzky_golay,92,74,-18,237574473.3046875,277573500.7890625,16.83641635735694,16.85664176940918,43.07428550720215,155.53301835821057,1957893401.4556718,1958364167.0097246,0.02404449362272843,0.017900019884109497
212.1036333600123,2892,savitzky_golay,98,62,-36,212087956.078125,246934650.54296875,16.430303308693105,16.785568237304688,47.82716178894043,184.93025146833034,1794180700.1753836,1795556113.3372636,0.07665967880189369,0.01750001683831215
237.12958003100675,2892,savitzky_golay,84,77,-7,159933200.52734375,187568008.63671875,17.2789689809592,15.585922718048096,40.40340042114258,159.23008314648246,1210903013.8971405,1229157819.2037065,1.5075365324110626,0.018700025975704193
213.15958701526242,2892,savitzky_golay,87,68,-19,306999916.3984375,326711711.78125,6.42078200348097,16.387588500976562,41.701290130615234,154.46874095069074,1972447100.2892945,1989169133.5527635,0.8477810766644336,0.019799976143985987
227.1047051134235,2892,savitzky_golay,103,76,-27,163026244.71484375,210111566.5234375,28.882050182136453,16.896709442138672,46.174861907958984,173.27724410531428,1548201002.0853636,1551860886.947238,0.23639597551898148,0.01850002445280552
217.08575818988595,2892,savitzky_golay,70,62,-8,199712742.6328125,245301347.3828125,22.8270886218904,15.020440101623535,41.80724334716797,178.3356750156015,1523000459.0723615,1557487342.6577394,2.2644040177363713,0.018600025214254856
211.14413180541268,2892,savitzky_golay,107,86,-21,234934310.390625,267562628.1171875,13.888272714322328,17.047256469726562,45.354942321777344,166.05420292890588,1854204800.5086305,1856430426.2197552,0.12003127758671225,0.017899961676448584
223.15488269349765,2892,savitzky_golay,95,81,-14,216567050.1171875,274510314.546875,26.75534639195278,15.272237777709961,41.53987121582031,171.99596955233582,1813569663.151816,1822649669.4463637,0.500670389400294,0.017600017599761486
355.06946467313736,2892,savitzky_golay,127,237,110,70329382.90625,186502442.09375,165.1842436074837,20.679899215698242,25.629180908203125,23.932813409205842,1989047410.1557064,1988911458.016187,-0.006835037657991795,0.017200014553964138
262.13935914066326,2892,savitzky_golay,80,55,-25,242936790.328125,291203182.4296875,19.867880874021186,14.771130561828613,42.80820083618164,189.8099143934595,1855801059.6422176,1879884637.8169334,1.2977456850552107,0.018199963960796595
245.1254738653262,2892,savitzky_golay,78,66,-12,255500858.65625,294756377.3125,15.364143534665864,15.57165813446045,42.634172439575195,173.7934012642158,1728324069.5516737,1780167990.9136384,2.999664372863417,0.016900012269616127
234.14462883919984,2892,savitzky_golay,78,63,-15,281377064.828125,291520536.421875,3.60493901659895,13.563035488128662,41.16905975341797,203.53868637630617,1852272096.0941622,1887551824.903327,1.9046731246212802,0.01680001150816679
219.14903627611866,2892,savitzky_golay,81,62,-19,302843809.46875,325035206.359375,7.327670633107294,13.08999252319336,41.49462890625,216.99505429608305,1769831673.5770378,1842799649.1484084,4.122876579776299,0.018799968529492617
376.23430690634154,2892,savitzky_golay,74,65,-9,210457992.9296875,231317398.0703125,9.91143403500668,13.991261005401611,40.49467086791992,189.42831423333558,1405997027.602474,1429059970.1469357,1.6403265506036655,0.01729995710775256
322.18694319282145,2892,savitzky_golay,91,74,-17,268594750.828125,299306456.8046875,11.43421674544007,14.794463157653809,40.988136291503906,177.05051447101,1788570995.8777246,1826429687.5658743,2.1167005265883163,0.017199956346303225
207.11264144771198,2892,savitzky_golay,107,76,-31,237354257.2265625,250444817.5546875,5.515199297912583,15.596280097961426,43.28835678100586,177.55565114955866,1695792820.6270447,1701068140.4677522,0.3110828030724244,0.01780001912266016
294.1809273454739,2892,savitzky_golay,101,75,-26,257274746.421875,277949577.7265625,8.036090441144676,15.754076957702637,42.475791931152344,169.61777605373868,1671864487.9179108,1687802115.788592,0.9532846702503696,0.017300015315413475
304.1635941434774,2892,savitzky_golay,70,59,-11,179881793.265625,232860262.046875,29.451823789091648,13.596630573272705,36.67110061645508,169.70726621447326,1494187206.9318414,1527055785.8056054,2.199763103396947,0.016400008462369442
257.16078472143806,2892,savitzky_golay,97,77,-20,199566171.0390625,244940018.05859375,22.73624171034975,15.39780044555664,41.571720123291016,169.9847960121305,1654500639.0441725,1665445212.907227,0.6615031511488169,0.01680001150816679
515.3295794596664,2892,savitzky_golay,19,21,2,262739553.71875,290545456.1875,10.583066795688811,12.536539077758789,40.434146881103516,222.53037804379503,1429000719.1663342,1550626542.6368287,8.51124998323653,0.01699995482340455
242.18611563839534,2892,savitzky_golay,103,74,-29,204055510.640625,235467590.9375,15.393889730425752,17.261226654052734,42.78687286376953,147.87851826117858,1588754771.1286755,1592728747.7341247,0.2501315292747179,0.016900012269616127
357.2492773444739,2892,savitzky_golay,82,60,-22,247243021.2109375,265447512.0078125,7.362994800708119,16.726871490478516,43.34372901916504,159.12633479510924,1571129588.3344357,1589576269.8957794,1.1741031228938354,0.017899961676448584
225.12356505040188,2892,savitzky_golay,93,70,-23,200693406.78125,230392087.453125,14.798035046684769,16.692251205444336,42.52519607543945,154.7601012712381,1559853036.9320319,1561415581.3175917,0.10017253860229415,0.01699995482340455
333.1882796290271,2892,savitzky_golay,25,38,13,226208036.28125,267726277.796875,18.3540081944765,12.378992080688477,41.02825164794922,231.43450921141044,1441849864.6102695,1517751125.3751462,5.264158400111418,0.018099963199347258
342.2115605203809,2892,savitzky_golay,67,52,-15,212536119.40625,225837797.5390625,6.258549450311146,13.624171257019043,36.44106101989746,167.47359771423436,1295845726.8813634,1302597432.0089874,0.5210269237737868,0.016700010746717453
209.09200913675264,2892,savitzky_golay,102,72,-30,169858591.6484375,210971493.24609375,24.204193145995887,16.71104621887207,44.19470405578613,164.4640166566968,1534788133.6580663,1535436218.264957,0.042226323795324865,0.017000013031065464
243.13376635318278,2892,savitzky_golay,100,74,-26,204964343.6953125,222362631.515625,8.488446090982407,15.492771625518799,42.290992736816406,172.97241422675543,1511812518.9938767,1522890773.3673773,0.7327796426023282,0.01680001150816679
470.2720230196127,2892,savitzky_golay,21,26,5,221139729.21875,240351288.0625,8.687520289375977,12.58187198638916,40.52225303649902,222.06855291752498,1236183787.0492938,1299290519.645875,5.10496361930241,0.01680001150816679
369.2241242777943,2892,savitzky_golay,79,59,-20,128736697.94140625,194492543.453125,51.07777856912808,20.43779945373535,42.06480026245117,105.81863697054294,1424784465.4984713,1424840353.5041487,0.00392255860663871,0.01680001150816679
