fixture,chromatogram_index,point_count,median_rt_interval_seconds,rt_interval_cv,method,picked_peak_count,picked_integrated_intensity_sum,median_picked_fwhm_seconds,trace_auc
NoiseFilterSGolay_2_input.chrom.mzML,0,59,3.4299999999998363,0.0014011621458480622,raw,2,810.958890914917,10.545753955841064,2783.779755491615
NoiseFilterSGolay_2_input.chrom.mzML,0,59,3.4299999999998363,0.0014011621458480622,modified_sinc,1,845.4466552734375,29.68576431274414,2920.534695748931
NoiseFilterSGolay_2_input.chrom.mzML,0,59,3.4299999999998363,0.0014011621458480622,savitzky_golay,1,829.9420166015625,28.30594253540039,2852.794003824371
NoiseFilterSGolay_2_input.chrom.mzML,1,59,3.4299999999998363,0.0014011621458480622,raw,4,226.3344326019287,9.96084976196289,1381.9795611554437
NoiseFilterSGolay_2_input.chrom.mzML,1,59,3.4299999999998363,0.0014011621458480622,modified_sinc,3,232.3871192932129,27.40999984741211,1380.450209499598
NoiseFilterSGolay_2_input.chrom.mzML,1,59,3.4299999999998363,0.0014011621458480622,savitzky_golay,3,227.78676223754883,27.40999984741211,1371.1769304803008
NoiseFilterSGolay_2_input.chrom.mzML,2,59,3.4299999999998363,0.0014011621458480622,raw,1,2781.081787109375,14.144207000732422,9813.22280960904
NoiseFilterSGolay_2_input.chrom.mzML,2,59,3.4299999999998363,0.0014011621458480622,modified_sinc,1,2926.241455078125,29.79227066040039,10224.44487725508
NoiseFilterSGolay_2_input.chrom.mzML,2,59,3.4299999999998363,0.0014011621458480622,savitzky_golay,1,2867.119873046875,28.693645477294922,9982.422241768547
NoiseFilterSGolay_2_input.chrom.mzML,3,59,3.4299999999998363,0.0014011621458480622,raw,2,810.958890914917,10.545753955841064,2783.779755491615
NoiseFilterSGolay_2_input.chrom.mzML,3,59,3.4299999999998363,0.0014011621458480622,modified_sinc,1,845.4466552734375,29.68576431274414,2920.534695748931
NoiseFilterSGolay_2_input.chrom.mzML,3,59,3.4299999999998363,0.0014011621458480622,savitzky_golay,1,829.9420166015625,28.30594253540039,2852.794003824371
NoiseFilterSGolay_2_input.chrom.mzML,4,59,3.4299999999998363,0.0014011621458480622,raw,3,228.22390365600586,12.921032905578613,1279.519002123476
NoiseFilterSGolay_2_input.chrom.mzML,4,59,3.4299999999998363,0.0014011621458480622,modified_sinc,2,249.69825744628906,34.014183044433594,1289.5839631241574
NoiseFilterSGolay_2_input.chrom.mzML,4,59,3.4299999999998363,0.0014011621458480622,savitzky_golay,2,242.03880310058594,32.09544086456299,1290.7289539510016
OpenSwathWorkflow_17_output.chrom.mzML,0,50,1.0,0.0,raw,0,,,0.0
OpenSwathWorkflow_17_output.chrom.mzML,0,50,1.0,0.0,modified_sinc,0,,,0.0
OpenSwathWorkflow_17_output.chrom.mzML,0,50,1.0,0.0,savitzky_golay,0,,,0.0
OpenSwathWorkflow_17_output.chrom.mzML,1,50,1.0,0.0,raw,0,,,0.0
OpenSwathWorkflow_17_output.chrom.mzML,1,50,1.0,0.0,modified_sinc,0,,,0.0
OpenSwathWorkflow_17_output.chrom.mzML,1,50,1.0,0.0,savitzky_golay,0,,,0.0
OpenSwathWorkflow_17_output.chrom.mzML,2,50,1.0,5.241112826866632e-16,raw,1,18759.85546875,25.1875,24979.88871383667
OpenSwathWorkflow_17_output.chrom.mzML,2,50,1.0,5.241112826866632e-16,modified_sinc,1,18765.42578125,26.0,24979.950485229492
OpenSwathWorkflow_17_output.chrom.mzML,2,50,1.0,5.241112826866632e-16,savitzky_golay,1,18759.853515625,26.0,24979.902500152588
OpenSwathWorkflow_17_output.chrom.mzML,3,50,1.0,5.241112826866632e-16,raw,1,32267.26171875,25.1875,42965.629135131836
OpenSwathWorkflow_17_output.chrom.mzML,3,50,1.0,5.241112826866632e-16,modified_sinc,1,32276.888671875,26.0,42965.731662750244
OpenSwathWorkflow_17_output.chrom.mzML,3,50,1.0,5.241112826866632e-16,savitzky_golay,1,32267.3046875,26.0,42965.64045333862
OpenSwathWorkflow_17_output.chrom.mzML,4,50,1.0,5.241112826866632e-16,raw,1,37519.609375,25.1875,49959.74379348755
OpenSwathWorkflow_17_output.chrom.mzML,4,50,1.0,5.241112826866632e-16,modified_sinc,1,37530.76953125,26.0,49959.86911695264
OpenSwathWorkflow_17_output.chrom.mzML,4,50,1.0,5.241112826866632e-16,savitzky_golay,1,37519.62890625,26.0,49959.75979614258
OpenSwathWorkflow_17_output.chrom.mzML,5,50,1.0,5.241112826866632e-16,raw,1,64534.32421875,25.1875,85930.76777648926
OpenSwathWorkflow_17_output.chrom.mzML,5,50,1.0,5.241112826866632e-16,modified_sinc,1,64553.38671875,26.0,85930.98157548229
OpenSwathWorkflow_17_output.chrom.mzML,5,50,1.0,5.241112826866632e-16,savitzky_golay,1,64534.203125,26.0,85930.75617716182
OpenSwathWorkflow_17_output.chrom.mzML,6,50,1.0,5.241112826866632e-16,raw,1,56280.13671875,25.1875,74940.04369735718
OpenSwathWorkflow_17_output.chrom.mzML,6,50,1.0,5.241112826866632e-16,modified_sinc,1,56296.70703125,26.0,74940.21776764793
OpenSwathWorkflow_17_output.chrom.mzML,6,50,1.0,5.241112826866632e-16,savitzky_golay,1,56280.0,26.0,74940.00548662338
OpenSwathWorkflow_17_output.chrom.mzML,7,50,1.0,5.241112826866632e-16,raw,1,96800.984375,25.1875,128896.31723022462
OpenSwathWorkflow_17_output.chrom.mzML,7,50,1.0,5.241112826866632e-16,modified_sinc,1,96829.78125,26.0,128896.63904208412
OpenSwathWorkflow_17_output.chrom.mzML,7,50,1.0,5.241112826866632e-16,savitzky_golay,1,96801.0078125,26.0,128896.29959106447
OpenSwathWorkflow_22_output.chrom.mzML,0,50,1.0,0.0,raw,1,1875.98095703125,25.1875,2473.4798061847687
OpenSwathWorkflow_22_output.chrom.mzML,0,50,1.0,0.0,modified_sinc,1,1876.799072265625,26.0,2474.402675628662
OpenSwathWorkflow_22_output.chrom.mzML,0,50,1.0,0.0,savitzky_golay,1,1875.9830322265625,26.0,2475.2333278656006
OpenSwathWorkflow_22_output.chrom.mzML,1,50,1.0,0.0,raw,0,,,0.0
OpenSwathWorkflow_22_output.chrom.mzML,1,50,1.0,0.0,modified_sinc,0,,,0.0
OpenSwathWorkflow_22_output.chrom.mzML,1,50,1.0,0.0,savitzky_golay,0,,,0.0
OpenSwathWorkflow_22_output.chrom.mzML,2,50,1.0,0.0,raw,0,,,0.0
OpenSwathWorkflow_22_output.chrom.mzML,2,50,1.0,0.0,modified_sinc,0,,,0.0
OpenSwathWorkflow_22_output.chrom.mzML,2,50,1.0,0.0,savitzky_golay,0,,,0.0
OpenSwathWorkflow_22_output.chrom.mzML,3,50,1.0,0.0,raw,0,,,0.0
OpenSwathWorkflow_22_output.chrom.mzML,3,50,1.0,0.0,modified_sinc,0,,,0.0
OpenSwathWorkflow_22_output.chrom.mzML,3,50,1.0,0.0,savitzky_golay,0,,,0.0
OpenSwathWorkflow_22_output.chrom.mzML,4,50,1.0,5.241112826866632e-16,raw,1,1875.98095703125,25.1875,2497.9801659584045
OpenSwathWorkflow_22_output.chrom.mzML,4,50,1.0,5.241112826866632e-16,modified_sinc,1,1876.54052734375,26.0,2497.9860817193985
OpenSwathWorkflow_22_output.chrom.mzML,4,50,1.0,5.241112826866632e-16,savitzky_golay,1,1875.9830322265625,26.0,2497.9807077646255
OpenSwathWorkflow_22_output.chrom.mzML,5,50,1.0,5.241112826866632e-16,raw,1,3751.997314453125,25.1875,4995.996935606003
OpenSwathWorkflow_22_output.chrom.mzML,5,50,1.0,5.241112826866632e-16,modified_sinc,1,3753.112548828125,26.0,4996.008569430134
OpenSwathWorkflow_22_output.chrom.mzML,5,50,1.0,5.241112826866632e-16,savitzky_golay,1,3751.997314453125,26.0,4995.996386528015
OpenSwathWorkflow_22_output.chrom.mzML,6,50,1.0,5.241112826866632e-16,raw,1,5627.935546875,25.1875,7493.945187091828
OpenSwathWorkflow_22_output.chrom.mzML,6,50,1.0,5.241112826866632e-16,modified_sinc,1,5629.609375,26.0,7493.963195300964
OpenSwathWorkflow_22_output.chrom.mzML,6,50,1.0,5.241112826866632e-16,savitzky_golay,1,5627.93896484375,26.0,7493.947268962861
OpenSwathWorkflow_22_output.chrom.mzML,7,50,1.0,0.0,raw,1,1875.98095703125,25.1875,2473.4798061847687
OpenSwathWorkflow_22_output.chrom.mzML,7,50,1.0,0.0,modified_sinc,1,1876.799072265625,26.0,2474.402675628662
OpenSwathWorkflow_22_output.chrom.mzML,7,50,1.0,0.0,savitzky_golay,1,1875.9830322265625,26.0,2475.2333278656006
OpenSwathWorkflow_22_output.chrom.mzML,8,50,1.0,0.0,raw,0,,,0.0
OpenSwathWorkflow_22_output.chrom.mzML,8,50,1.0,0.0,modified_sinc,0,,,0.0
OpenSwathWorkflow_22_output.chrom.mzML,8,50,1.0,0.0,savitzky_golay,0,,,0.0
OpenSwathWorkflow_22_output.chrom.mzML,9,50,1.0,0.0,raw,0,,,0.0
OpenSwathWorkflow_22_output.chrom.mzML,9,50,1.0,0.0,modified_sinc,0,,,0.0
OpenSwathWorkflow_22_output.chrom.mzML,9,50,1.0,0.0,savitzky_golay,0,,,0.0
OpenSwathWorkflow_22_output.chrom.mzML,10,50,1.0,0.0,raw,0,,,0.0
OpenSwathWorkflow_22_output.chrom.mzML,10,50,1.0,0.0,modified_sinc,0,,,0.0
OpenSwathWorkflow_22_output.chrom.mzML,10,50,1.0,0.0,savitzky_golay,0,,,0.0
OpenSwathWorkflow_22_output.chrom.mzML,11,50,1.0,5.241112826866632e-16,raw,1,3751.997314453125,25.1875,4995.996935606003
OpenSwathWorkflow_22_output.chrom.mzML,11,50,1.0,5.241112826866632e-16,modified_sinc,1,3753.112548828125,26.0,4996.008569430134
OpenSwathWorkflow_22_output.chrom.mzML,11,50,1.0,5.241112826866632e-16,savitzky_golay,1,3751.997314453125,26.0,4995.996386528015
OpenSwathWorkflow_22_output.chrom.mzML,12,50,1.0,5.241112826866632e-16,raw,1,7503.97412109375,25.1875,9991.994890213013
OpenSwathWorkflow_22_output.chrom.mzML,12,50,1.0,5.241112826866632e-16,modified_sinc,1,7506.20458984375,26.0,9992.019332408905
OpenSwathWorkflow_22_output.chrom.mzML,12,50,1.0,5.241112826866632e-16,savitzky_golay,1,7503.974609375,26.0,9991.99899673462
OpenSwathWorkflow_22_output.chrom.mzML,13,50,1.0,5.241112826866632e-16,raw,1,11255.9892578125,25.1875,14988.0359621048
OpenSwathWorkflow_22_output.chrom.mzML,13,50,1.0,5.241112826866632e-16,modified_sinc,1,11259.34375,26.0,14988.070882797243
OpenSwathWorkflow_22_output.chrom.mzML,13,50,1.0,5.241112826866632e-16,savitzky_golay,1,11255.99609375,26.0,14988.04134654999
OpenSwathWorkflow_23_output.chrom.mzML,0,50,1.0,0.0,raw,1,18635.00390625,24.78125,24490.07960128784
OpenSwathWorkflow_23_output.chrom.mzML,0,50,1.0,0.0,modified_sinc,1,18643.15234375,26.0,24499.305103302002
OpenSwathWorkflow_23_output.chrom.mzML,0,50,1.0,0.0,savitzky_golay,1,18634.98828125,26.0,24507.626598358154
OpenSwathWorkflow_23_output.chrom.mzML,1,50,1.0,5.241112826866632e-16,raw,1,18759.85546875,25.1875,24979.88871383667
OpenSwathWorkflow_23_output.chrom.mzML,1,50,1.0,5.241112826866632e-16,modified_sinc,1,18765.42578125,26.0,24979.950485229492
OpenSwathWorkflow_23_output.chrom.mzML,1,50,1.0,5.241112826866632e-16,savitzky_golay,1,18759.853515625,26.0,24979.902500152588
OpenSwathWorkflow_23_output.chrom.mzML,2,50,1.0,5.241112826866632e-16,raw,1,37519.609375,25.1875,49959.74379348755
OpenSwathWorkflow_23_output.chrom.mzML,2,50,1.0,5.241112826866632e-16,modified_sinc,1,37530.76953125,26.0,49959.86911695264
OpenSwathWorkflow_23_output.chrom.mzML,2,50,1.0,5.241112826866632e-16,savitzky_golay,1,37519.62890625,26.0,49959.75979614258
OpenSwathWorkflow_23_output.chrom.mzML,3,50,1.0,5.241112826866632e-16,raw,1,56280.13671875,25.1875,74940.04369735718
OpenSwathWorkflow_23_output.chrom.mzML,3,50,1.0,5.241112826866632e-16,modified_sinc,1,56296.70703125,26.0,74940.21776764793
OpenSwathWorkflow_23_output.chrom.mzML,3,50,1.0,5.241112826866632e-16,savitzky_golay,1,56280.0,26.0,74940.00548662338
OpenSwathWorkflow_23_output.chrom.mzML,4,50,1.0,5.241112826866632e-16,raw,1,75041.734375,25.1875,99921.93743133545
OpenSwathWorkflow_23_output.chrom.mzML,4,50,1.0,5.241112826866632e-16,modified_sinc,1,75064.0234375,26.0,99922.19110870361
OpenSwathWorkflow_23_output.chrom.mzML,4,50,1.0,5.241112826866632e-16,savitzky_golay,1,75041.7109375,26.0,99921.89311218262
OpenSwathWorkflow_23_output.chrom.mzML,5,50,1.0,5.241112826866632e-16,raw,1,93799.8984375,25.1875,124899.51110076906
OpenSwathWorkflow_23_output.chrom.mzML,5,50,1.0,5.241112826866632e-16,modified_sinc,1,93827.5390625,26.0,124899.7929968429
OpenSwathWorkflow_23_output.chrom.mzML,5,50,1.0,5.241112826866632e-16,savitzky_golay,1,93799.6953125,26.0,124899.40770620482
OpenSwathWorkflow_23_output.chrom.mzML,6,50,1.0,0.0,raw,1,18635.00390625,24.78125,24490.07960128784
OpenSwathWorkflow_23_output.chrom.mzML,6,50,1.0,0.0,modified_sinc,1,18643.15234375,26.0,24499.305103302002
OpenSwathWorkflow_23_output.chrom.mzML,6,50,1.0,0.0,savitzky_golay,1,18634.98828125,26.0,24507.626598358154
OpenSwathWorkflow_23_output.chrom.mzML,7,50,1.0,0.0,raw,1,18635.00390625,24.78125,24490.07960128784
OpenSwathWorkflow_23_output.chrom.mzML,7,50,1.0,0.0,modified_sinc,1,18643.15234375,26.0,24499.305103302002
OpenSwathWorkflow_23_output.chrom.mzML,7,50,1.0,0.0,savitzky_golay,1,18634.98828125,26.0,24507.626598358154
OpenSwathWorkflow_23_output.chrom.mzML,8,50,1.0,5.241112826866632e-16,raw,1,32360.564453125,25.1875,43090.00173950195
OpenSwathWorkflow_23_output.chrom.mzML,8,50,1.0,5.241112826866632e-16,modified_sinc,1,32370.126953125,26.0,43090.10408444912
OpenSwathWorkflow_23_output.chrom.mzML,8,50,1.0,5.241112826866632e-16,savitzky_golay,1,32360.50390625,26.0,43089.97811680962
OpenSwathWorkflow_23_output.chrom.mzML,9,50,1.0,5.241112826866632e-16,raw,1,18759.85546875,25.1875,24979.88871383667
OpenSwathWorkflow_23_output.chrom.mzML,9,50,1.0,5.241112826866632e-16,modified_sinc,1,18765.42578125,26.0,24979.950485229492
OpenSwathWorkflow_23_output.chrom.mzML,9,50,1.0,5.241112826866632e-16,savitzky_golay,1,18759.853515625,26.0,24979.902500152588
OpenSwathWorkflow_23_output.chrom.mzML,10,50,1.0,5.241112826866632e-16,raw,1,64722.484375,25.1875,86181.54510498047
OpenSwathWorkflow_23_output.chrom.mzML,10,50,1.0,5.241112826866632e-16,modified_sinc,1,64741.62890625,26.0,86181.74980163574
OpenSwathWorkflow_23_output.chrom.mzML,10,50,1.0,5.241112826866632e-16,savitzky_golay,1,64722.40625,26.0,86181.5568530364
OpenSwathWorkflow_23_output.chrom.mzML,11,50,1.0,5.241112826866632e-16,raw,1,37519.609375,25.1875,49959.74379348755
OpenSwathWorkflow_23_output.chrom.mzML,11,50,1.0,5.241112826866632e-16,modified_sinc,1,37530.76953125,26.0,49959.86911695264
OpenSwathWorkflow_23_output.chrom.mzML,11,50,1.0,5.241112826866632e-16,savitzky_golay,1,37519.62890625,26.0,49959.75979614258
OpenSwathWorkflow_23_output.chrom.mzML,12,50,1.0,5.241112826866632e-16,raw,1,97085.3203125,25.1875,129273.90798187254
OpenSwathWorkflow_23_output.chrom.mzML,12,50,1.0,5.241112826866632e-16,modified_sinc,1,97114.328125,26.0,129274.19827027664
OpenSwathWorkflow_23_output.chrom.mzML,12,50,1.0,5.241112826866632e-16,savitzky_golay,1,97085.4765625,26.0,129273.94699166248
OpenSwathWorkflow_23_output.chrom.mzML,13,50,1.0,5.241112826866632e-16,raw,1,56280.13671875,25.1875,74940.04369735718
OpenSwathWorkflow_23_output.chrom.mzML,13,50,1.0,5.241112826866632e-16,modified_sinc,1,56296.70703125,26.0,74940.21776764793
OpenSwathWorkflow_23_output.chrom.mzML,13,50,1.0,5.241112826866632e-16,savitzky_golay,1,56280.0,26.0,74940.00548662338
OpenSwathWorkflow_23_output.chrom.mzML,14,50,1.0,5.241112826866632e-16,raw,1,129445.1953125,25.1875,172363.22470092773
OpenSwathWorkflow_23_output.chrom.mzML,14,50,1.0,5.241112826866632e-16,modified_sinc,1,129483.78125,26.0,172363.6384667349
OpenSwathWorkflow_23_output.chrom.mzML,14,50,1.0,5.241112826866632e-16,savitzky_golay,1,129445.328125,26.0,172363.2473449707
OpenSwathWorkflow_23_output.chrom.mzML,15,50,1.0,5.241112826866632e-16,raw,1,75041.734375,25.1875,99921.93743133545
OpenSwathWorkflow_23_output.chrom.mzML,15,50,1.0,5.241112826866632e-16,modified_sinc,1,75064.0234375,26.0,99922.19110870361
OpenSwathWorkflow_23_output.chrom.mzML,15,50,1.0,5.241112826866632e-16,savitzky_golay,1,75041.7109375,26.0,99921.89311218262
OpenSwathWorkflow_23_output.chrom.mzML,16,50,1.0,5.241112826866632e-16,raw,1,161804.96875,25.1875,215453.51548767087
OpenSwathWorkflow_23_output.chrom.mzML,16,50,1.0,5.241112826866632e-16,modified_sinc,1,161853.546875,26.0,215454.05833435056
OpenSwathWorkflow_23_output.chrom.mzML,16,50,1.0,5.241112826866632e-16,savitzky_golay,1,161805.421875,26.0,215453.66920471188
OpenSwathWorkflow_23_output.chrom.mzML,17,50,1.0,5.241112826866632e-16,raw,1,93799.8984375,25.1875,124899.51110076903
OpenSwathWorkflow_23_output.chrom.mzML,17,50,1.0,5.241112826866632e-16,modified_sinc,1,93827.5390625,26.0,124899.79299684287
OpenSwathWorkflow_23_output.chrom.mzML,17,50,1.0,5.241112826866632e-16,savitzky_golay,1,93799.6953125,26.0,124899.40770620479
